org_id,img_id,Day,Clone,Imaging,org_size_px2,org_size_mikrometer2
1,org01_wt2D_d02_LabA,2,wt2D,LabA,34246,342954
1,org01_wt2D_d02_LabB,2,wt2D,LabB,37110,332658
1,org01_wt2D_d05_LabA,5,wt2D,LabA,121634,1218094
1,org01_wt2D_d05_LabB,5,wt2D,LabB,135610,1215623
1,org01_wt2D_d08_LabA,8,wt2D,LabA,97399,975395
1,org01_wt2D_d08_LabB,8,wt2D,LabB,104273,934714
1,org01_wt2D_d10_LabA,10,wt2D,LabA,97286,974263
1,org01_wt2D_d10_LabB,10,wt2D,LabB,103562,928341
1,org01_wt2D_d12_LabA_after_embedding,12,wt2D,LabA,64262,643547
1,org01_wt2D_d12_LabA_before_embedding,12,wt2D,LabA,108874,1090310
1,org01_wt2D_d12_LabB_after_embedding,12,wt2D,LabB,66429,595477
1,org01_wt2D_d12_LabB_before_embedding,12,wt2D,LabB,117945,1057272
1,org01_wt2D_d16_LabA,16,wt2D,LabA,109663,1098211
1,org01_wt2D_d16_LabB,16,wt2D,LabB,113776,1019900
1,org01_wt2D_d19_LabA,19,wt2D,LabA,142859,1430650
1,org01_wt2D_d19_LabB,19,wt2D,LabB,146103,1309683
1,org01_wt2D_d22_LabA,22,wt2D,LabA,182216,1824788
1,org01_wt2D_d22_LabB,22,wt2D,LabB,189261,1696556
1,org01_wt2D_d25_LabA,25,wt2D,LabA,180342,1806021
1,org01_wt2D_d25_LabB,25,wt2D,LabB,188666,1691222
1,org01_wt2D_d30_LabA,30,wt2D,LabA,170796,1710423
1,org01_wt2D_d30_LabB,30,wt2D,LabB,174319,1562614
2,org02_wt2D_d02_LabA,2,wt2D,LabA,40910,409690
2,org02_wt2D_d02_LabB,2,wt2D,LabB,42864,384238
2,org02_wt2D_d05_LabA,5,wt2D,LabA,128668,1288535
2,org02_wt2D_d05_LabB,5,wt2D,LabB,133946,1200706
2,org02_wt2D_d08_LabA,8,wt2D,LabA,99983,1001272
2,org02_wt2D_d08_LabB,8,wt2D,LabB,104764,939116
2,org02_wt2D_d10_LabA,10,wt2D,LabA,94346,944821
2,org02_wt2D_d10_LabB,10,wt2D,LabB,96353,863719
2,org02_wt2D_d12_LabA_after_embedding,12,wt2D,LabA,77332,774435
2,org02_wt2D_d12_LabA_before_embedding,12,wt2D,LabA,116972,1171407
2,org02_wt2D_d12_LabB_after_embedding,12,wt2D,LabB,83330,746979
2,org02_wt2D_d12_LabB_before_embedding,12,wt2D,LabB,127670,1144448
2,org02_wt2D_d16_LabA,16,wt2D,LabA,128313,1284980
2,org02_wt2D_d16_LabB,16,wt2D,LabB,138343,1240122
2,org02_wt2D_d19_LabA,19,wt2D,LabA,156207,1564323
2,org02_wt2D_d19_LabB,19,wt2D,LabB,163504,1465667
2,org02_wt2D_d22_LabA,22,wt2D,LabA,173489,1737392
2,org02_wt2D_d22_LabB,22,wt2D,LabB,185503,1662869
2,org02_wt2D_d25_LabA,25,wt2D,LabA,190065,1903391
2,org02_wt2D_d25_LabB,25,wt2D,LabB,193119,1731140
2,org02_wt2D_d30_LabA,30,wt2D,LabA,220212,2205296
2,org02_wt2D_d30_LabB,30,wt2D,LabB,222723,1996513
3,org03_wt2D_d02_LabA,2,wt2D,LabA,46085,461515
3,org03_wt2D_d02_LabB,2,wt2D,LabB,47350,424451
3,org03_wt2D_d05_LabA,5,wt2D,LabA,127143,1273263
3,org03_wt2D_d05_LabB,5,wt2D,LabB,133429,1196072
3,org03_wt2D_d08_LabA,8,wt2D,LabA,103192,1033408
3,org03_wt2D_d08_LabB,8,wt2D,LabB,115026,1031105
3,org03_wt2D_d10_LabA,10,wt2D,LabA,87034,871595
3,org03_wt2D_d10_LabB,10,wt2D,LabB,84165,754464
3,org03_wt2D_d12_LabA_after_embedding,12,wt2D,LabA,57419,575018
3,org03_wt2D_d12_LabA_before_embedding,12,wt2D,LabA,87989,881159
3,org03_wt2D_d12_LabB_after_embedding,12,wt2D,LabB,61997,555748
3,org03_wt2D_d12_LabB_before_embedding,12,wt2D,LabB,93934,842034
3,org03_wt2D_d16_LabA,16,wt2D,LabA,89896,900256
3,org03_wt2D_d16_LabB,16,wt2D,LabB,96155,861944
3,org03_wt2D_d19_LabA,19,wt2D,LabA,102895,1030434
3,org03_wt2D_d19_LabB,19,wt2D,LabB,102223,916338
3,org03_wt2D_d22_LabA,22,wt2D,LabA,88674,888019
3,org03_wt2D_d22_LabB,22,wt2D,LabB,90927,815079
3,org03_wt2D_d25_LabA,25,wt2D,LabA,94911,950479
3,org03_wt2D_d25_LabB,25,wt2D,LabB,96358,863763
3,org03_wt2D_d30_LabA,30,wt2D,LabA,109955,1101136
3,org03_wt2D_d30_LabB,30,wt2D,LabB,132721,1189725
4,org04_wt2D_d02_LabA,2,wt2D,LabA,42179,422398
4,org04_wt2D_d02_LabB,2,wt2D,LabB,44056,394923
4,org04_wt2D_d05_LabA,5,wt2D,LabA,125828,1260095
4,org04_wt2D_d05_LabB,5,wt2D,LabB,132266,1185647
4,org04_wt2D_d08_LabA,8,wt2D,LabA,104836,1049872
4,org04_wt2D_d08_LabB,8,wt2D,LabB,107351,962306
4,org04_wt2D_d10_LabA,10,wt2D,LabA,101984,1021311
4,org04_wt2D_d10_LabB,10,wt2D,LabB,109333,980073
4,org04_wt2D_d12_LabA_after_embedding,12,wt2D,LabA,63924,640162
4,org04_wt2D_d12_LabA_before_embedding,12,wt2D,LabA,110454,1106133
4,org04_wt2D_d12_LabB_after_embedding,12,wt2D,LabB,68891,617546
4,org04_wt2D_d12_LabB_before_embedding,12,wt2D,LabB,117537,1053614
4,org04_wt2D_d16_LabA,16,wt2D,LabA,99861,1000050
4,org04_wt2D_d16_LabB,16,wt2D,LabB,107506,963695
4,org04_wt2D_d19_LabA,19,wt2D,LabA,136479,1366758
4,org04_wt2D_d19_LabB,19,wt2D,LabB,138034,1237352
4,org04_wt2D_d22_LabA,22,wt2D,LabA,174138,1743891
4,org04_wt2D_d22_LabB,22,wt2D,LabB,180995,1622459
4,org04_wt2D_d25_LabA,25,wt2D,LabA,195720,1960022
4,org04_wt2D_d25_LabB,25,wt2D,LabB,204841,1836217
4,org04_wt2D_d30_LabA,30,wt2D,LabA,221345,2216642
4,org04_wt2D_d30_LabB,30,wt2D,LabB,244523,2191931
5,org05_wt2D_d02_LabA,2,wt2D,LabA,39143,391994
5,org05_wt2D_d02_LabB,2,wt2D,LabB,41005,367573
5,org05_wt2D_d05_LabA,5,wt2D,LabA,124232,1244112
5,org05_wt2D_d05_LabB,5,wt2D,LabB,133630,1197874
5,org05_wt2D_d08_LabA,8,wt2D,LabA,106910,1070642
5,org05_wt2D_d08_LabB,8,wt2D,LabB,114023,1022114
5,org05_wt2D_d10_LabA,10,wt2D,LabA,102944,1030925
5,org05_wt2D_d10_LabB,10,wt2D,LabB,109297,979750
5,org05_wt2D_d12_LabA_after_embedding,12,wt2D,LabA,60021,601076
5,org05_wt2D_d12_LabA_before_embedding,12,wt2D,LabA,103199,1033478
5,org05_wt2D_d12_LabB_after_embedding,12,wt2D,LabB,62519,560427
5,org05_wt2D_d12_LabB_before_embedding,12,wt2D,LabB,109446,981086
5,org05_wt2D_d16_LabA,16,wt2D,LabA,96423,965620
5,org05_wt2D_d16_LabB,16,wt2D,LabB,106200,951988
5,org05_wt2D_d19_LabA,19,wt2D,LabA,125704,1258853
5,org05_wt2D_d19_LabB,19,wt2D,LabB,129517,1161004
5,org05_wt2D_d22_LabA,22,wt2D,LabA,174389,1746405
5,org05_wt2D_d22_LabB,22,wt2D,LabB,178723,1602092
5,org05_wt2D_d25_LabA,25,wt2D,LabA,174475,1747266
5,org05_wt2D_d25_LabB,25,wt2D,LabB,169592,1520241
5,org05_wt2D_d30_LabA,30,wt2D,LabA,174184,1744352
5,org05_wt2D_d30_LabB,30,wt2D,LabB,165918,1487307
6,org06_wt2D_d02_LabA,2,wt2D,LabA,37508,375621
6,org06_wt2D_d02_LabB,2,wt2D,LabB,38129,341792
6,org06_wt2D_d05_LabA,5,wt2D,LabA,123307,1234848
6,org06_wt2D_d05_LabB,5,wt2D,LabB,136138,1220356
6,org06_wt2D_d08_LabA,8,wt2D,LabA,80337,804529
6,org06_wt2D_d08_LabB,8,wt2D,LabB,95274,854046
6,org06_wt2D_d10_LabA,10,wt2D,LabA,60952,610399
6,org06_wt2D_d10_LabB,10,wt2D,LabB,61638,552530
6,org06_wt2D_d12_LabA_after_embedding,12,wt2D,LabA,56387,564683
6,org06_wt2D_d12_LabA_before_embedding,12,wt2D,LabA,70895,709972
6,org06_wt2D_d12_LabB_after_embedding,12,wt2D,LabB,59464,533042
6,org06_wt2D_d12_LabB_before_embedding,12,wt2D,LabB,79517,712799
6,org06_wt2D_d16_LabA,16,wt2D,LabA,76699,768096
6,org06_wt2D_d16_LabB,16,wt2D,LabB,92920,832945
6,org06_wt2D_d19_LabA,19,wt2D,LabA,98682,988243
6,org06_wt2D_d19_LabB,19,wt2D,LabB,95433,855472
6,org06_wt2D_d22_LabA,22,wt2D,LabA,95853,959912
6,org06_wt2D_d22_LabB,22,wt2D,LabB,119662,1072663
6,org06_wt2D_d25_LabA,25,wt2D,LabA,93170,933044
6,org06_wt2D_d25_LabB,25,wt2D,LabB,117342,1051866
6,org06_wt2D_d30_LabA,30,wt2D,LabA,116622,1167902
6,org06_wt2D_d30_LabB,30,wt2D,LabB,129649,1162188
7,org07_wt2D_d02_LabA,2,wt2D,LabA,40444,405023
7,org07_wt2D_d02_LabB,2,wt2D,LabB,40280,361074
7,org07_wt2D_d05_LabA,5,wt2D,LabA,132254,1324447
7,org07_wt2D_d05_LabB,5,wt2D,LabB,132580,1188461
7,org07_wt2D_d08_LabA,8,wt2D,LabA,94372,945081
7,org07_wt2D_d08_LabB,8,wt2D,LabB,97404,873140
7,org07_wt2D_d10_LabA,10,wt2D,LabA,99095,992379
7,org07_wt2D_d10_LabB,10,wt2D,LabB,98843,886039
7,org07_wt2D_d12_LabA_after_embedding,12,wt2D,LabA,73387,734928
7,org07_wt2D_d12_LabA_before_embedding,12,wt2D,LabA,111125,1112853
7,org07_wt2D_d12_LabB_after_embedding,12,wt2D,LabB,76129,682429
7,org07_wt2D_d12_LabB_before_embedding,12,wt2D,LabB,121242,1086826
7,org07_wt2D_d16_LabA,16,wt2D,LabA,120982,1211565
7,org07_wt2D_d16_LabB,16,wt2D,LabB,123573,1107722
7,org07_wt2D_d19_LabA,19,wt2D,LabA,145074,1452832
7,org07_wt2D_d19_LabB,19,wt2D,LabB,150774,1351554
7,org07_wt2D_d22_LabA,22,wt2D,LabA,156136,1563612
7,org07_wt2D_d22_LabB,22,wt2D,LabB,167956,1505576
7,org07_wt2D_d25_LabA,25,wt2D,LabA,160759,1609908
7,org07_wt2D_d25_LabB,25,wt2D,LabB,167288,1499588
7,org07_wt2D_d30_LabA,30,wt2D,LabA,197793,1980782
7,org07_wt2D_d30_LabB,30,wt2D,LabB,210632,1888128
8,org08_wt2D_d02_LabA,2,wt2D,LabA,38383,384384
8,org08_wt2D_d02_LabB,2,wt2D,LabB,36563,327755
8,org08_wt2D_d05_LabA,5,wt2D,LabA,120764,1209382
8,org08_wt2D_d05_LabB,5,wt2D,LabB,132704,1189573
8,org08_wt2D_d08_LabA,8,wt2D,LabA,92777,929108
8,org08_wt2D_d08_LabB,8,wt2D,LabB,97634,875202
8,org08_wt2D_d10_LabA,10,wt2D,LabA,91372,915038
8,org08_wt2D_d10_LabB,10,wt2D,LabB,94894,850640
8,org08_wt2D_d12_LabA_after_embedding,12,wt2D,LabA,65095,651889
8,org08_wt2D_d12_LabA_before_embedding,12,wt2D,LabA,110501,1106604
8,org08_wt2D_d12_LabB_after_embedding,12,wt2D,LabB,71063,637016
8,org08_wt2D_d12_LabB_before_embedding,12,wt2D,LabB,119483,1071058
8,org08_wt2D_d16_LabA,16,wt2D,LabA,107176,1073306
8,org08_wt2D_d16_LabB,16,wt2D,LabB,118140,1059020
8,org08_wt2D_d19_LabA,19,wt2D,LabA,140837,1410401
8,org08_wt2D_d19_LabB,19,wt2D,LabB,141063,1264504
8,org08_wt2D_d22_LabA,22,wt2D,LabA,156412,1566376
8,org08_wt2D_d22_LabB,22,wt2D,LabB,167633,1502680
8,org08_wt2D_d25_LabA,25,wt2D,LabA,155642,1558664
8,org08_wt2D_d25_LabB,25,wt2D,LabB,161279,1445722
8,org08_wt2D_d30_LabA,30,wt2D,LabA,192615,1928928
8,org08_wt2D_d30_LabB,30,wt2D,LabB,197381,1769345
9,org09_wt2D_d02_LabA,2,wt2D,LabA,38552,386076
9,org09_wt2D_d02_LabB,2,wt2D,LabB,40261,360904
9,org09_wt2D_d05_LabA,5,wt2D,LabA,117689,1178587
9,org09_wt2D_d05_LabB,5,wt2D,LabB,135022,1210352
9,org09_wt2D_d08_LabA,8,wt2D,LabA,84312,844336
9,org09_wt2D_d08_LabB,8,wt2D,LabB,89911,805972
9,org09_wt2D_d10_LabA,10,wt2D,LabA,86703,868280
9,org09_wt2D_d10_LabB,10,wt2D,LabB,92730,831242
9,org09_wt2D_d12_LabA_after_embedding,12,wt2D,LabA,59050,591352
9,org09_wt2D_d12_LabA_before_embedding,12,wt2D,LabA,97520,976606
9,org09_wt2D_d12_LabB_after_embedding,12,wt2D,LabB,63327,567670
9,org09_wt2D_d12_LabB_before_embedding,12,wt2D,LabB,107068,959769
9,org09_wt2D_d16_LabA,16,wt2D,LabA,103960,1041099
9,org09_wt2D_d16_LabB,16,wt2D,LabB,109059,977617
9,org09_wt2D_d19_LabA,19,wt2D,LabA,134912,1351066
9,org09_wt2D_d19_LabB,19,wt2D,LabB,137967,1236751
9,org09_wt2D_d22_LabA,22,wt2D,LabA,174785,1750371
9,org09_wt2D_d22_LabB,22,wt2D,LabB,180343,1616614
9,org09_wt2D_d25_LabA,25,wt2D,LabA,171969,1722170
9,org09_wt2D_d25_LabB,25,wt2D,LabB,188650,1691079
9,org09_wt2D_d30_LabA,30,wt2D,LabA,177206,1774615
9,org09_wt2D_d30_LabB,30,wt2D,LabB,183404,1644053
10,org10_wt2D_d02_LabA,2,wt2D,LabA,34149,341982
10,org10_wt2D_d02_LabB,2,wt2D,LabB,35225,315761
10,org10_wt2D_d05_LabA,5,wt2D,LabA,123535,1237131
10,org10_wt2D_d05_LabB,5,wt2D,LabB,133963,1200859
10,org10_wt2D_d08_LabA,8,wt2D,LabA,100967,1011126
10,org10_wt2D_d08_LabB,8,wt2D,LabB,104816,939582
10,org10_wt2D_d10_LabA,10,wt2D,LabA,98861,990036
10,org10_wt2D_d10_LabB,10,wt2D,LabB,107611,964637
10,org10_wt2D_d12_LabA_after_embedding,12,wt2D,LabA,66384,664797
10,org10_wt2D_d12_LabA_before_embedding,12,wt2D,LabA,119167,1193388
10,org10_wt2D_d12_LabB_after_embedding,12,wt2D,LabB,71548,641364
10,org10_wt2D_d12_LabB_before_embedding,12,wt2D,LabB,129193,1158100
10,org10_wt2D_d16_LabA,16,wt2D,LabA,117837,1180069
10,org10_wt2D_d16_LabB,16,wt2D,LabB,124406,1115189
10,org10_wt2D_d19_LabA,19,wt2D,LabA,157134,1573606
10,org10_wt2D_d19_LabB,19,wt2D,LabB,164770,1477016
10,org10_wt2D_d22_LabA,22,wt2D,LabA,172720,1729691
10,org10_wt2D_d22_LabB,22,wt2D,LabB,183034,1640736
10,org10_wt2D_d25_LabA,25,wt2D,LabA,193958,1942377
10,org10_wt2D_d25_LabB,25,wt2D,LabB,194993,1747938
10,org10_wt2D_d30_LabA,30,wt2D,LabA,226705,2270319
10,org10_wt2D_d30_LabB,30,wt2D,LabB,233834,2096113
11,org11_wt2D_d02_LabA,2,wt2D,LabA,42179,422398
11,org11_wt2D_d02_LabB,2,wt2D,LabB,43114,386479
11,org11_wt2D_d05_LabA,5,wt2D,LabA,124235,1244142
11,org11_wt2D_d05_LabB,5,wt2D,LabB,134424,1204991
11,org11_wt2D_d08_LabA,8,wt2D,LabA,96343,964819
11,org11_wt2D_d08_LabB,8,wt2D,LabB,103098,924182
11,org11_wt2D_d10_LabA,10,wt2D,LabA,98457,985990
11,org11_wt2D_d10_LabB,10,wt2D,LabB,103961,931918
11,org11_wt2D_d12_LabA_after_embedding,12,wt2D,LabA,68888,689873
11,org11_wt2D_d12_LabA_before_embedding,12,wt2D,LabA,109967,1101256
11,org11_wt2D_d12_LabB_after_embedding,12,wt2D,LabB,73194,656119
11,org11_wt2D_d12_LabB_before_embedding,12,wt2D,LabB,115924,1039155
11,org11_wt2D_d16_LabA,16,wt2D,LabA,119946,1201190
11,org11_wt2D_d16_LabB,16,wt2D,LabB,123804,1109792
11,org11_wt2D_d19_LabA,19,wt2D,LabA,158660,1588888
11,org11_wt2D_d19_LabB,19,wt2D,LabB,145779,1306779
11,org11_wt2D_d22_LabA,22,wt2D,LabA,183052,1833160
11,org11_wt2D_d22_LabB,22,wt2D,LabB,187401,1679883
11,org11_wt2D_d25_LabA,25,wt2D,LabA,186648,1869172
11,org11_wt2D_d25_LabB,25,wt2D,LabB,200905,1800934
11,org11_wt2D_d30_LabA,30,wt2D,LabA,214680,2149896
11,org11_wt2D_d30_LabB,30,wt2D,LabB,228078,2044516
12,org12_wt2D_d02_LabA,2,wt2D,LabA,37461,375150
12,org12_wt2D_d02_LabB,2,wt2D,LabB,42649,382310
12,org12_wt2D_d05_LabA,5,wt2D,LabA,125177,1253575
12,org12_wt2D_d05_LabB,5,wt2D,LabB,133845,1199801
12,org12_wt2D_d08_LabA,8,wt2D,LabA,92148,922809
12,org12_wt2D_d08_LabB,8,wt2D,LabB,99961,896061
12,org12_wt2D_d10_LabA,10,wt2D,LabA,93276,934105
12,org12_wt2D_d10_LabB,10,wt2D,LabB,98411,882167
12,org12_wt2D_d12_LabA_after_embedding,12,wt2D,LabA,64728,648213
12,org12_wt2D_d12_LabA_before_embedding,12,wt2D,LabA,109241,1093985
12,org12_wt2D_d12_LabB_after_embedding,12,wt2D,LabB,69451,622566
12,org12_wt2D_d12_LabB_before_embedding,12,wt2D,LabB,118098,1058643
12,org12_wt2D_d16_LabA,16,wt2D,LabA,109906,1100645
12,org12_wt2D_d16_LabB,16,wt2D,LabB,115789,1037945
12,org12_wt2D_d19_LabA,19,wt2D,LabA,137792,1379907
12,org12_wt2D_d19_LabB,19,wt2D,LabB,140477,1259251
12,org12_wt2D_d22_LabA,22,wt2D,LabA,145485,1456948
12,org12_wt2D_d22_LabB,22,wt2D,LabB,153579,1376699
12,org12_wt2D_d25_LabA,25,wt2D,LabA,145878,1460884
12,org12_wt2D_d25_LabB,25,wt2D,LabB,160569,1439358
12,org12_wt2D_d30_LabA,30,wt2D,LabA,169175,1694190
12,org12_wt2D_d30_LabB,30,wt2D,LabB,176075,1578355
13,org13_wt2D_d02_LabA,2,wt2D,LabA,41424,414837
13,org13_wt2D_d02_LabB,2,wt2D,LabB,39314,352415
13,org13_wt2D_d05_LabA,5,wt2D,LabA,116157,1163245
13,org13_wt2D_d05_LabB,5,wt2D,LabB,132935,1191644
13,org13_wt2D_d08_LabA,8,wt2D,LabA,93675,938101
13,org13_wt2D_d08_LabB,8,wt2D,LabB,105080,941948
13,org13_wt2D_d10_LabA,10,wt2D,LabA,84290,844116
13,org13_wt2D_d10_LabB,10,wt2D,LabB,85319,764809
13,org13_wt2D_d12_LabA_after_embedding,12,wt2D,LabA,66988,670846
13,org13_wt2D_d12_LabA_before_embedding,12,wt2D,LabA,93610,937450
13,org13_wt2D_d12_LabB_after_embedding,12,wt2D,LabB,70981,636281
13,org13_wt2D_d12_LabB_before_embedding,12,wt2D,LabB,100184,898060
13,org13_wt2D_d16_LabA,16,wt2D,LabA,115563,1157297
13,org13_wt2D_d16_LabB,16,wt2D,LabB,125963,1129146
13,org13_wt2D_d19_LabA,19,wt2D,LabA,148332,1485459
13,org13_wt2D_d19_LabB,19,wt2D,LabB,151713,1359972
13,org13_wt2D_d22_LabA,22,wt2D,LabA,175707,1759604
13,org13_wt2D_d22_LabB,22,wt2D,LabB,184908,1657535
13,org13_wt2D_d25_LabA,25,wt2D,LabA,157843,1580706
13,org13_wt2D_d25_LabB,25,wt2D,LabB,151474,1357829
13,org13_wt2D_d30_LabA,30,wt2D,LabA,198442,1987282
13,org13_wt2D_d30_LabB,30,wt2D,LabB,213391,1912860
14,org14_wt2D_d02_LabA,2,wt2D,LabA,32038,320842
14,org14_wt2D_d02_LabB,2,wt2D,LabB,35283,316281
14,org14_wt2D_d05_LabA,5,wt2D,LabA,109555,1097130
14,org14_wt2D_d05_LabB,5,wt2D,LabB,135631,1215811
14,org14_wt2D_d08_LabA,8,wt2D,LabA,79860,799752
14,org14_wt2D_d08_LabB,8,wt2D,LabB,84768,759869
14,org14_wt2D_d10_LabA,10,wt2D,LabA,84845,849674
14,org14_wt2D_d10_LabB,10,wt2D,LabB,92277,827181
14,org14_wt2D_d12_LabA_after_embedding,12,wt2D,LabA,64282,643747
14,org14_wt2D_d12_LabA_before_embedding,12,wt2D,LabA,100237,1003815
14,org14_wt2D_d12_LabB_after_embedding,12,wt2D,LabB,67631,606252
14,org14_wt2D_d12_LabB_before_embedding,12,wt2D,LabB,109060,977626
14,org14_wt2D_d16_LabA,16,wt2D,LabA,108302,1084582
14,org14_wt2D_d16_LabB,16,wt2D,LabB,115059,1031401
14,org14_wt2D_d19_LabA,19,wt2D,LabA,147721,1479340
14,org14_wt2D_d19_LabB,19,wt2D,LabB,154575,1385627
14,org14_wt2D_d22_LabA,22,wt2D,LabA,101112,1012578
14,org14_wt2D_d22_LabB,22,wt2D,LabB,101130,906540
14,org14_wt2D_d25_LabA,25,wt2D,LabA,102632,1027800
14,org14_wt2D_d25_LabB,25,wt2D,LabB,109574,982233
14,org14_wt2D_d30_LabA,30,wt2D,LabA,112192,1123538
14,org14_wt2D_d30_LabB,30,wt2D,LabB,111816,1002331
15,org15_wt2D_d02_LabA,2,wt2D,LabA,40880,409390
15,org15_wt2D_d02_LabB,2,wt2D,LabB,38785,347673
15,org15_wt2D_d05_LabA,5,wt2D,LabA,127292,1274756
15,org15_wt2D_d05_LabB,5,wt2D,LabB,131369,1177606
15,org15_wt2D_d08_LabA,8,wt2D,LabA,87576,877023
15,org15_wt2D_d08_LabB,8,wt2D,LabB,93337,836683
15,org15_wt2D_d10_LabA,10,wt2D,LabA,83576,836965
15,org15_wt2D_d10_LabB,10,wt2D,LabB,82168,736563
15,org15_wt2D_d12_LabA_after_embedding,12,wt2D,LabA,68656,687550
15,org15_wt2D_d12_LabA_before_embedding,12,wt2D,LabA,108633,1087897
15,org15_wt2D_d12_LabB_after_embedding,12,wt2D,LabB,71522,641131
15,org15_wt2D_d12_LabB_before_embedding,12,wt2D,LabB,114075,1022581
15,org15_wt2D_d16_LabA,16,wt2D,LabA,114292,1144568
15,org15_wt2D_d16_LabB,16,wt2D,LabB,119960,1075334
15,org15_wt2D_d19_LabA,19,wt2D,LabA,160195,1604260
15,org15_wt2D_d19_LabB,19,wt2D,LabB,152251,1364794
15,org15_wt2D_d22_LabA,22,wt2D,LabA,156034,1562590
15,org15_wt2D_d22_LabB,22,wt2D,LabB,168749,1512684
15,org15_wt2D_d25_LabA,25,wt2D,LabA,166564,1668042
15,org15_wt2D_d25_LabB,25,wt2D,LabB,174945,1568226
15,org15_wt2D_d30_LabA,30,wt2D,LabA,182103,1823656
15,org15_wt2D_d30_LabB,30,wt2D,LabB,196274,1759421
16,org16_wt2D_d02_LabA,2,wt2D,LabA,38583,386386
16,org16_wt2D_d02_LabB,2,wt2D,LabB,39913,357784
16,org16_wt2D_d05_LabA,5,wt2D,LabA,124953,1251332
16,org16_wt2D_d05_LabB,5,wt2D,LabB,132654,1189125
16,org16_wt2D_d08_LabA,8,wt2D,LabA,87835,879617
16,org16_wt2D_d08_LabB,8,wt2D,LabB,93489,838045
16,org16_wt2D_d10_LabA,10,wt2D,LabA,77975,780874
16,org16_wt2D_d10_LabB,10,wt2D,LabB,84248,755208
16,org16_wt2D_d12_LabA_after_embedding,12,wt2D,LabA,68553,686519
16,org16_wt2D_d12_LabA_before_embedding,12,wt2D,LabA,100152,1002964
16,org16_wt2D_d12_LabB_after_embedding,12,wt2D,LabB,74421,667118
16,org16_wt2D_d12_LabB_before_embedding,12,wt2D,LabB,109521,981758
16,org16_wt2D_d16_LabA,16,wt2D,LabA,114420,1145850
16,org16_wt2D_d16_LabB,16,wt2D,LabB,116399,1043413
16,org16_wt2D_d19_LabA,19,wt2D,LabA,159477,1597070
16,org16_wt2D_d19_LabB,19,wt2D,LabB,150659,1350524
16,org16_wt2D_d22_LabA,22,wt2D,LabA,177016,1772713
16,org16_wt2D_d22_LabB,22,wt2D,LabB,186271,1669753
16,org16_wt2D_d25_LabA,25,wt2D,LabA,180393,1806531
16,org16_wt2D_d25_LabB,25,wt2D,LabB,199259,1786179
16,org16_wt2D_d30_LabA,30,wt2D,LabA,233063,2333991
16,org16_wt2D_d30_LabB,30,wt2D,LabB,258396,2316290
17,org17_TH2-7_d02_LabA,2,TH2-7,LabA,29156,291980
17,org17_TH2-7_d02_LabB,2,TH2-7,LabB,30394,272455
17,org17_TH2-7_d05_LabA,5,TH2-7,LabA,101547,1016934
17,org17_TH2-7_d05_LabB,5,TH2-7,LabB,104480,936570
17,org17_TH2-7_d08_LabA,8,TH2-7,LabA,100865,1010105
17,org17_TH2-7_d08_LabB,8,TH2-7,LabB,109140,978343
17,org17_TH2-7_d10_LabA,10,TH2-7,LabA,100601,1007461
17,org17_TH2-7_d10_LabB,10,TH2-7,LabB,108043,968509
17,org17_TH2-7_d12_LabA_after_embedding,12,TH2-7,LabA,66413,665088
17,org17_TH2-7_d12_LabA_before_embedding,12,TH2-7,LabA,122769,1229460
17,org17_TH2-7_d12_LabB_after_embedding,12,TH2-7,LabB,69989,627389
17,org17_TH2-7_d12_LabB_before_embedding,12,TH2-7,LabB,124020,1111729
17,org17_TH2-7_d16_LabA,16,TH2-7,LabA,167280,1675212
17,org17_TH2-7_d16_LabB,16,TH2-7,LabB,173413,1554493
17,org17_TH2-7_d19_LabA,19,TH2-7,LabA,218800,2191155
17,org17_TH2-7_d19_LabB,19,TH2-7,LabB,234931,2105947
17,org17_TH2-7_d22_LabA,22,TH2-7,LabA,266154,2665378
17,org17_TH2-7_d22_LabB,22,TH2-7,LabB,281148,2520241
17,org17_TH2-7_d25_LabA,25,TH2-7,LabA,330523,3309996
17,org17_TH2-7_d25_LabB,25,TH2-7,LabB,352094,3156209
17,org17_TH2-7_d30_LabA,30,TH2-7,LabA,459634,4602968
17,org17_TH2-7_d30_LabB,30,TH2-7,LabB,492101,4411246
18,org18_TH2-7_d02_LabA,2,TH2-7,LabA,27572,276118
18,org18_TH2-7_d02_LabB,2,TH2-7,LabB,32178,288447
18,org18_TH2-7_d05_LabA,5,TH2-7,LabA,101445,1015913
18,org18_TH2-7_d05_LabB,5,TH2-7,LabB,103293,925930
18,org18_TH2-7_d08_LabA,8,TH2-7,LabA,100779,1009243
18,org18_TH2-7_d08_LabB,8,TH2-7,LabB,106977,958953
18,org18_TH2-7_d10_LabA,10,TH2-7,LabA,107321,1074758
18,org18_TH2-7_d10_LabB,10,TH2-7,LabB,110762,992882
18,org18_TH2-7_d12_LabA_after_embedding,12,TH2-7,LabA,70870,709722
18,org18_TH2-7_d12_LabA_before_embedding,12,TH2-7,LabA,127019,1272022
18,org18_TH2-7_d12_LabB_after_embedding,12,TH2-7,LabB,76801,688452
18,org18_TH2-7_d12_LabB_before_embedding,12,TH2-7,LabB,139372,1249346
18,org18_TH2-7_d16_LabA,16,TH2-7,LabA,155369,1555931
18,org18_TH2-7_d16_LabB,16,TH2-7,LabB,164173,1471664
18,org18_TH2-7_d19_LabA,19,TH2-7,LabA,212658,2129647
18,org18_TH2-7_d19_LabB,19,TH2-7,LabB,213215,1911282
18,org18_TH2-7_d22_LabA,22,TH2-7,LabA,261208,2615847
18,org18_TH2-7_d22_LabB,22,TH2-7,LabB,280838,2517462
18,org18_TH2-7_d25_LabA,25,TH2-7,LabA,342844,3433384
18,org18_TH2-7_d25_LabB,25,TH2-7,LabB,352352,3158521
18,org18_TH2-7_d30_LabA,30,TH2-7,LabA,454562,4552175
18,org18_TH2-7_d30_LabB,30,TH2-7,LabB,468806,4202427
19,org19_TH2-7_d02_LabA,2,TH2-7,LabA,30412,304559
19,org19_TH2-7_d02_LabB,2,TH2-7,LabB,32898,294901
19,org19_TH2-7_d05_LabA,5,TH2-7,LabA,93356,934906
19,org19_TH2-7_d05_LabB,5,TH2-7,LabB,93353,836826
19,org19_TH2-7_d08_LabA,8,TH2-7,LabA,93443,935778
19,org19_TH2-7_d08_LabB,8,TH2-7,LabB,102988,923196
19,org19_TH2-7_d10_LabA,10,TH2-7,LabA,90862,909930
19,org19_TH2-7_d10_LabB,10,TH2-7,LabB,96379,863952
19,org19_TH2-7_d12_LabA_after_embedding,12,TH2-7,LabA,58292,583761
19,org19_TH2-7_d12_LabA_before_embedding,12,TH2-7,LabA,99062,992049
19,org19_TH2-7_d12_LabB_after_embedding,12,TH2-7,LabB,62320,558643
19,org19_TH2-7_d12_LabB_before_embedding,12,TH2-7,LabB,100285,898966
19,org19_TH2-7_d16_LabA,16,TH2-7,LabA,123859,1240376
19,org19_TH2-7_d16_LabB,16,TH2-7,LabB,128837,1154909
19,org19_TH2-7_d19_LabA,19,TH2-7,LabA,151703,1519218
19,org19_TH2-7_d19_LabB,19,TH2-7,LabB,164900,1478181
19,org19_TH2-7_d22_LabA,22,TH2-7,LabA,221942,2222621
19,org19_TH2-7_d22_LabB,22,TH2-7,LabB,232179,2081278
19,org19_TH2-7_d25_LabA,25,TH2-7,LabA,266409,2667932
19,org19_TH2-7_d25_LabB,25,TH2-7,LabB,286755,2570503
19,org19_TH2-7_d30_LabA,30,TH2-7,LabA,348819,3493220
19,org19_TH2-7_d30_LabB,30,TH2-7,LabB,356525,3195929
20,org20_TH2-7_d02_LabA,2,TH2-7,LabA,29740,297829
20,org20_TH2-7_d02_LabB,2,TH2-7,LabB,32247,289066
20,org20_TH2-7_d05_LabA,5,TH2-7,LabA,107733,1078884
20,org20_TH2-7_d05_LabB,5,TH2-7,LabB,107311,961947
20,org20_TH2-7_d08_LabA,8,TH2-7,LabA,105057,1052085
20,org20_TH2-7_d08_LabB,8,TH2-7,LabB,114048,1022339
20,org20_TH2-7_d10_LabA,10,TH2-7,LabA,100992,1011376
20,org20_TH2-7_d10_LabB,10,TH2-7,LabB,103378,926692
20,org20_TH2-7_d12_LabA_after_embedding,12,TH2-7,LabA,66021,661162
20,org20_TH2-7_d12_LabA_before_embedding,12,TH2-7,LabA,117867,1180370
20,org20_TH2-7_d12_LabB_after_embedding,12,TH2-7,LabB,68935,617941
20,org20_TH2-7_d12_LabB_before_embedding,12,TH2-7,LabB,124415,1115269
20,org20_TH2-7_d16_LabA,16,TH2-7,LabA,171604,1718515
20,org20_TH2-7_d16_LabB,16,TH2-7,LabB,183063,1640996
20,org20_TH2-7_d19_LabA,19,TH2-7,LabA,222890,2232114
20,org20_TH2-7_d19_LabB,19,TH2-7,LabB,226061,2026435
20,org20_TH2-7_d22_LabA,22,TH2-7,LabA,271641,2720327
20,org20_TH2-7_d22_LabB,22,TH2-7,LabB,290893,2607596
20,org20_TH2-7_d25_LabA,25,TH2-7,LabA,343813,3443088
20,org20_TH2-7_d25_LabB,25,TH2-7,LabB,350178,3139033
20,org20_TH2-7_d30_LabA,30,TH2-7,LabA,447257,4479020
20,org20_TH2-7_d30_LabB,30,TH2-7,LabB,459293,4117152
21,org21_TH2-7_d02_LabA,2,TH2-7,LabA,28582,286232
21,org21_TH2-7_d02_LabB,2,TH2-7,LabB,29151,261313
21,org21_TH2-7_d05_LabA,5,TH2-7,LabA,101547,1016934
21,org21_TH2-7_d05_LabB,5,TH2-7,LabB,105738,947847
21,org21_TH2-7_d08_LabA,8,TH2-7,LabA,99938,1000821
21,org21_TH2-7_d08_LabB,8,TH2-7,LabB,110059,986581
21,org21_TH2-7_d10_LabA,10,TH2-7,LabA,101800,1019468
21,org21_TH2-7_d10_LabB,10,TH2-7,LabB,102065,914922
21,org21_TH2-7_d12_LabA_after_embedding,12,TH2-7,LabA,70312,704134
21,org21_TH2-7_d12_LabA_before_embedding,12,TH2-7,LabA,111288,1114485
21,org21_TH2-7_d12_LabB_after_embedding,12,TH2-7,LabB,72991,654299
21,org21_TH2-7_d12_LabB_before_embedding,12,TH2-7,LabB,125110,1121500
21,org21_TH2-7_d16_LabA,16,TH2-7,LabA,152410,1526298
21,org21_TH2-7_d16_LabB,16,TH2-7,LabB,160071,1434894
21,org21_TH2-7_d19_LabA,19,TH2-7,LabA,198091,1983767
21,org21_TH2-7_d19_LabB,19,TH2-7,LabB,195298,1750672
21,org21_TH2-7_d22_LabA,22,TH2-7,LabA,255327,2556952
21,org21_TH2-7_d22_LabB,22,TH2-7,LabB,275134,2466331
21,org21_TH2-7_d25_LabA,25,TH2-7,LabA,315544,3159990
21,org21_TH2-7_d25_LabB,25,TH2-7,LabB,330454,2962225
21,org21_TH2-7_d30_LabA,30,TH2-7,LabA,413045,4136406
21,org21_TH2-7_d30_LabB,30,TH2-7,LabB,463507,4154927
22,org22_TH2-7_d02_LabA,2,TH2-7,LabA,28680,287214
22,org22_TH2-7_d02_LabB,2,TH2-7,LabB,28468,255190
22,org22_TH2-7_d05_LabA,5,TH2-7,LabA,100647,1007921
22,org22_TH2-7_d05_LabB,5,TH2-7,LabB,107229,961212
22,org22_TH2-7_d08_LabA,8,TH2-7,LabA,101285,1014311
22,org22_TH2-7_d08_LabB,8,TH2-7,LabB,112087,1004760
22,org22_TH2-7_d10_LabA,10,TH2-7,LabA,98311,984528
22,org22_TH2-7_d10_LabB,10,TH2-7,LabB,106317,953037
22,org22_TH2-7_d12_LabA_after_embedding,12,TH2-7,LabA,70736,708380
22,org22_TH2-7_d12_LabA_before_embedding,12,TH2-7,LabA,120859,1210333
22,org22_TH2-7_d12_LabB_after_embedding,12,TH2-7,LabB,76263,683630
22,org22_TH2-7_d12_LabB_before_embedding,12,TH2-7,LabB,127879,1146321
22,org22_TH2-7_d16_LabA,16,TH2-7,LabA,156354,1565795
22,org22_TH2-7_d16_LabB,16,TH2-7,LabB,162954,1460737
22,org22_TH2-7_d19_LabA,19,TH2-7,LabA,195194,1954755
22,org22_TH2-7_d19_LabB,19,TH2-7,LabB,210971,1891167
22,org22_TH2-7_d22_LabA,22,TH2-7,LabA,250296,2506569
22,org22_TH2-7_d22_LabB,22,TH2-7,LabB,274601,2461553
22,org22_TH2-7_d25_LabA,25,TH2-7,LabA,329869,3303447
22,org22_TH2-7_d25_LabB,25,TH2-7,LabB,343028,3074940
22,org22_TH2-7_d30_LabA,30,TH2-7,LabA,462304,4629707
22,org22_TH2-7_d30_LabB,30,TH2-7,LabB,550150,4931604
23,org23_TH2-7_d02_LabA,2,TH2-7,LabA,31162,312069
23,org23_TH2-7_d02_LabB,2,TH2-7,LabB,33172,297357
23,org23_TH2-7_d05_LabA,5,TH2-7,LabA,103650,1037995
23,org23_TH2-7_d05_LabB,5,TH2-7,LabB,104682,938381
23,org23_TH2-7_d08_LabA,8,TH2-7,LabA,101948,1020950
23,org23_TH2-7_d08_LabB,8,TH2-7,LabB,109046,977500
23,org23_TH2-7_d10_LabA,10,TH2-7,LabA,95492,956297
23,org23_TH2-7_d10_LabB,10,TH2-7,LabB,107732,965721
23,org23_TH2-7_d12_LabA_after_embedding,12,TH2-7,LabA,70320,704214
23,org23_TH2-7_d12_LabA_before_embedding,12,TH2-7,LabA,117887,1180570
23,org23_TH2-7_d12_LabB_after_embedding,12,TH2-7,LabB,71555,641427
23,org23_TH2-7_d12_LabB_before_embedding,12,TH2-7,LabB,119333,1069714
23,org23_TH2-7_d16_LabA,16,TH2-7,LabA,161092,1613243
23,org23_TH2-7_d16_LabB,16,TH2-7,LabB,166696,1494281
23,org23_TH2-7_d19_LabA,19,TH2-7,LabA,200256,2005448
23,org23_TH2-7_d19_LabB,19,TH2-7,LabB,215658,1933182
23,org23_TH2-7_d22_LabA,22,TH2-7,LabA,258605,2589779
23,org23_TH2-7_d22_LabB,22,TH2-7,LabB,282632,2533544
23,org23_TH2-7_d25_LabA,25,TH2-7,LabA,341254,3417461
23,org23_TH2-7_d25_LabB,25,TH2-7,LabB,362194,3246746
23,org23_TH2-7_d30_LabA,30,TH2-7,LabA,453008,4536613
23,org23_TH2-7_d30_LabB,30,TH2-7,LabB,450733,4040419
24,org24_TH2-7_d02_LabA,2,TH2-7,LabA,28532,285731
24,org24_TH2-7_d02_LabB,2,TH2-7,LabB,28494,255423
24,org24_TH2-7_d05_LabA,5,TH2-7,LabA,94809,949457
24,org24_TH2-7_d05_LabB,5,TH2-7,LabB,103080,924020
24,org24_TH2-7_d08_LabA,8,TH2-7,LabA,95254,953914
24,org24_TH2-7_d08_LabB,8,TH2-7,LabB,105314,944046
24,org24_TH2-7_d10_LabA,10,TH2-7,LabA,93770,939052
24,org24_TH2-7_d10_LabB,10,TH2-7,LabB,99037,887778
24,org24_TH2-7_d12_LabA_after_embedding,12,TH2-7,LabA,66331,664267
24,org24_TH2-7_d12_LabA_before_embedding,12,TH2-7,LabA,104392,1045425
24,org24_TH2-7_d12_LabB_after_embedding,12,TH2-7,LabB,71915,644654
24,org24_TH2-7_d12_LabB_before_embedding,12,TH2-7,LabB,114163,1023369
24,org24_TH2-7_d16_LabA,16,TH2-7,LabA,147729,1479420
24,org24_TH2-7_d16_LabB,16,TH2-7,LabB,156332,1401377
24,org24_TH2-7_d19_LabA,19,TH2-7,LabA,186487,1867559
24,org24_TH2-7_d19_LabB,19,TH2-7,LabB,214908,1926458
24,org24_TH2-7_d22_LabA,22,TH2-7,LabA,259020,2593935
24,org24_TH2-7_d22_LabB,22,TH2-7,LabB,275748,2471835
24,org24_TH2-7_d25_LabA,25,TH2-7,LabA,338427,3389150
24,org24_TH2-7_d25_LabB,25,TH2-7,LabB,346818,3108914
24,org24_TH2-7_d30_LabA,30,TH2-7,LabA,431809,4324317
24,org24_TH2-7_d30_LabB,30,TH2-7,LabB,467391,4189743
25,org25_TH2-7_d02_LabA,2,TH2-7,LabA,31366,314112
25,org25_TH2-7_d02_LabB,2,TH2-7,LabB,35031,314022
25,org25_TH2-7_d05_LabA,5,TH2-7,LabA,96139,962776
25,org25_TH2-7_d05_LabB,5,TH2-7,LabB,106068,950805
25,org25_TH2-7_d08_LabA,8,TH2-7,LabA,98314,984558
25,org25_TH2-7_d08_LabB,8,TH2-7,LabB,105943,949684
25,org25_TH2-7_d10_LabA,10,TH2-7,LabA,91995,921277
25,org25_TH2-7_d10_LabB,10,TH2-7,LabB,104309,935037
25,org25_TH2-7_d12_LabA_after_embedding,12,TH2-7,LabA,62370,624599
25,org25_TH2-7_d12_LabA_before_embedding,12,TH2-7,LabA,96435,965741
25,org25_TH2-7_d12_LabB_after_embedding,12,TH2-7,LabB,61996,555739
25,org25_TH2-7_d12_LabB_before_embedding,12,TH2-7,LabB,107207,961015
25,org25_TH2-7_d16_LabA,16,TH2-7,LabA,140933,1411362
25,org25_TH2-7_d16_LabB,16,TH2-7,LabB,147830,1325164
25,org25_TH2-7_d19_LabA,19,TH2-7,LabA,177475,1777309
25,org25_TH2-7_d19_LabB,19,TH2-7,LabB,194281,1741556
25,org25_TH2-7_d22_LabA,22,TH2-7,LabA,223853,2241758
25,org25_TH2-7_d22_LabB,22,TH2-7,LabB,243436,2182187
25,org25_TH2-7_d25_LabA,25,TH2-7,LabA,290948,2913676
25,org25_TH2-7_d25_LabB,25,TH2-7,LabB,279529,2505728
25,org25_TH2-7_d30_LabA,30,TH2-7,LabA,361808,3623298
25,org25_TH2-7_d30_LabB,30,TH2-7,LabB,410683,3681407
26,org26_TH2-7_d02_LabA,2,TH2-7,LabA,28661,287023
26,org26_TH2-7_d02_LabB,2,TH2-7,LabB,31940,286314
26,org26_TH2-7_d05_LabA,5,TH2-7,LabA,90151,902810
26,org26_TH2-7_d05_LabB,5,TH2-7,LabB,93014,833788
26,org26_TH2-7_d08_LabA,8,TH2-7,LabA,89340,894688
26,org26_TH2-7_d08_LabB,8,TH2-7,LabB,97166,871006
26,org26_TH2-7_d10_LabA,10,TH2-7,LabA,72087,721910
26,org26_TH2-7_d10_LabB,10,TH2-7,LabB,83502,748521
26,org26_TH2-7_d12_LabA_after_embedding,12,TH2-7,LabA,58457,585413
26,org26_TH2-7_d12_LabA_before_embedding,12,TH2-7,LabA,76731,768417
26,org26_TH2-7_d12_LabB_after_embedding,12,TH2-7,LabB,61585,552055
26,org26_TH2-7_d12_LabB_before_embedding,12,TH2-7,LabB,79907,716295
26,org26_TH2-7_d16_LabA,16,TH2-7,LabA,135075,1352698
26,org26_TH2-7_d16_LabB,16,TH2-7,LabB,134747,1207887
26,org26_TH2-7_d19_LabA,19,TH2-7,LabA,175841,1760946
26,org26_TH2-7_d19_LabB,19,TH2-7,LabB,177138,1587884
26,org26_TH2-7_d22_LabA,22,TH2-7,LabA,233639,2339759
26,org26_TH2-7_d22_LabB,22,TH2-7,LabB,250149,2242363
26,org26_TH2-7_d25_LabA,25,TH2-7,LabA,303972,3044104
26,org26_TH2-7_d25_LabB,25,TH2-7,LabB,290673,2605624
26,org26_TH2-7_d30_LabA,30,TH2-7,LabA,386113,3866698
26,org26_TH2-7_d30_LabB,30,TH2-7,LabB,399414,3580390
27,org27_TH2-7_d02_LabA,2,TH2-7,LabA,29762,298049
27,org27_TH2-7_d02_LabB,2,TH2-7,LabB,31527,282611
27,org27_TH2-7_d05_LabA,5,TH2-7,LabA,99459,996024
27,org27_TH2-7_d05_LabB,5,TH2-7,LabB,104868,940048
27,org27_TH2-7_d08_LabA,8,TH2-7,LabA,104716,1048670
27,org27_TH2-7_d08_LabB,8,TH2-7,LabB,111963,1003648
27,org27_TH2-7_d10_LabA,10,TH2-7,LabA,95492,956297
27,org27_TH2-7_d10_LabB,10,TH2-7,LabB,101130,906540
27,org27_TH2-7_d12_LabA_after_embedding,12,TH2-7,LabA,66505,666009
27,org27_TH2-7_d12_LabA_before_embedding,12,TH2-7,LabA,113782,1139461
27,org27_TH2-7_d12_LabB_after_embedding,12,TH2-7,LabB,69916,626735
27,org27_TH2-7_d12_LabB_before_embedding,12,TH2-7,LabB,122061,1094168
27,org27_TH2-7_d16_LabA,16,TH2-7,LabA,142973,1431792
27,org27_TH2-7_d16_LabB,16,TH2-7,LabB,148648,1332497
27,org27_TH2-7_d19_LabA,19,TH2-7,LabA,193363,1936418
27,org27_TH2-7_d19_LabB,19,TH2-7,LabB,202217,1812695
27,org27_TH2-7_d22_LabA,22,TH2-7,LabA,246004,2463588
27,org27_TH2-7_d22_LabB,22,TH2-7,LabB,264498,2370989
27,org27_TH2-7_d25_LabA,25,TH2-7,LabA,306882,3073245
27,org27_TH2-7_d25_LabB,25,TH2-7,LabB,313634,2811449
27,org27_TH2-7_d30_LabA,30,TH2-7,LabA,440037,4406716
27,org27_TH2-7_d30_LabB,30,TH2-7,LabB,453438,4064667
28,org28_TH2-7_d02_LabA,2,TH2-7,LabA,29963,300062
28,org28_TH2-7_d02_LabB,2,TH2-7,LabB,30264,271290
28,org28_TH2-7_d05_LabA,5,TH2-7,LabA,94533,946693
28,org28_TH2-7_d05_LabB,5,TH2-7,LabB,96688,866722
28,org28_TH2-7_d08_LabA,8,TH2-7,LabA,99744,998878
28,org28_TH2-7_d08_LabB,8,TH2-7,LabB,109613,982583
28,org28_TH2-7_d10_LabA,10,TH2-7,LabA,96623,967623
28,org28_TH2-7_d10_LabB,10,TH2-7,LabB,101646,911166
28,org28_TH2-7_d12_LabA_after_embedding,12,TH2-7,LabA,68948,690474
28,org28_TH2-7_d12_LabA_before_embedding,12,TH2-7,LabA,111935,1120964
28,org28_TH2-7_d12_LabB_after_embedding,12,TH2-7,LabB,74313,666150
28,org28_TH2-7_d12_LabB_before_embedding,12,TH2-7,LabB,121359,1087875
28,org28_TH2-7_d16_LabA,16,TH2-7,LabA,151347,1515653
28,org28_TH2-7_d16_LabB,16,TH2-7,LabB,161777,1450186
28,org28_TH2-7_d19_LabA,19,TH2-7,LabA,198108,1983937
28,org28_TH2-7_d19_LabB,19,TH2-7,LabB,211767,1898302
28,org28_TH2-7_d22_LabA,22,TH2-7,LabA,253382,2537474
28,org28_TH2-7_d22_LabB,22,TH2-7,LabB,263625,2363163
28,org28_TH2-7_d25_LabA,25,TH2-7,LabA,315508,3159630
28,org28_TH2-7_d25_LabB,25,TH2-7,LabB,330521,2962826
28,org28_TH2-7_d30_LabA,30,TH2-7,LabA,380837,3813862
28,org28_TH2-7_d30_LabB,30,TH2-7,LabB,400391,3589148
29,org29_TH2-7_d02_LabA,2,TH2-7,LabA,30401,304448
29,org29_TH2-7_d02_LabB,2,TH2-7,LabB,32059,287380
29,org29_TH2-7_d05_LabA,5,TH2-7,LabA,99083,992259
29,org29_TH2-7_d05_LabB,5,TH2-7,LabB,103716,929721
29,org29_TH2-7_d08_LabA,8,TH2-7,LabA,99469,996124
29,org29_TH2-7_d08_LabB,8,TH2-7,LabB,108150,969468
29,org29_TH2-7_d10_LabA,10,TH2-7,LabA,82867,829865
29,org29_TH2-7_d10_LabB,10,TH2-7,LabB,92907,832828
29,org29_TH2-7_d12_LabA_after_embedding,12,TH2-7,LabA,61335,614234
29,org29_TH2-7_d12_LabA_before_embedding,12,TH2-7,LabA,99838,999820
29,org29_TH2-7_d12_LabB_after_embedding,12,TH2-7,LabB,63503,569248
29,org29_TH2-7_d12_LabB_before_embedding,12,TH2-7,LabB,105144,942522
29,org29_TH2-7_d16_LabA,16,TH2-7,LabA,139944,1401458
29,org29_TH2-7_d16_LabB,16,TH2-7,LabB,128750,1154129
29,org29_TH2-7_d19_LabA,19,TH2-7,LabA,187427,1876973
29,org29_TH2-7_d19_LabB,19,TH2-7,LabB,194495,1743474
29,org29_TH2-7_d22_LabA,22,TH2-7,LabA,237719,2380618
29,org29_TH2-7_d22_LabB,22,TH2-7,LabB,253658,2273818
29,org29_TH2-7_d25_LabA,25,TH2-7,LabA,309013,3094586
29,org29_TH2-7_d25_LabB,25,TH2-7,LabB,340978,3056564
29,org29_TH2-7_d30_LabA,30,TH2-7,LabA,395255,3958250
29,org29_TH2-7_d30_LabB,30,TH2-7,LabB,439162,3936695
30,org30_TH2-7_d02_LabA,2,TH2-7,LabA,29864,299071
30,org30_TH2-7_d02_LabB,2,TH2-7,LabB,33986,304654
30,org30_TH2-7_d05_LabA,5,TH2-7,LabA,102111,1022583
30,org30_TH2-7_d05_LabB,5,TH2-7,LabB,107172,960701
30,org30_TH2-7_d08_LabA,8,TH2-7,LabA,111212,1113724
30,org30_TH2-7_d08_LabB,8,TH2-7,LabB,118498,1062229
30,org30_TH2-7_d10_LabA,10,TH2-7,LabA,102870,1030183
30,org30_TH2-7_d10_LabB,10,TH2-7,LabB,113862,1020671
30,org30_TH2-7_d12_LabA_after_embedding,12,TH2-7,LabA,65012,651058
30,org30_TH2-7_d12_LabA_before_embedding,12,TH2-7,LabA,113683,1138469
30,org30_TH2-7_d12_LabB_after_embedding,12,TH2-7,LabB,71268,638854
30,org30_TH2-7_d12_LabB_before_embedding,12,TH2-7,LabB,125863,1128249
30,org30_TH2-7_d16_LabA,16,TH2-7,LabA,153171,1533919
30,org30_TH2-7_d16_LabB,16,TH2-7,LabB,153651,1377344
30,org30_TH2-7_d19_LabA,19,TH2-7,LabA,199679,1999670
30,org30_TH2-7_d19_LabB,19,TH2-7,LabB,208678,1870612
30,org30_TH2-7_d22_LabA,22,TH2-7,LabA,252093,2524565
30,org30_TH2-7_d22_LabB,22,TH2-7,LabB,266771,2391364
30,org30_TH2-7_d25_LabA,25,TH2-7,LabA,335293,3357765
30,org30_TH2-7_d25_LabB,25,TH2-7,LabB,345394,3096149
30,org30_TH2-7_d30_LabA,30,TH2-7,LabA,442939,4435778
30,org30_TH2-7_d30_LabB,30,TH2-7,LabB,504425,4521720
31,org31_TH2-7_d02_LabA,2,TH2-7,LabA,25548,255848
31,org31_TH2-7_d02_LabB,2,TH2-7,LabB,30486,273280
31,org31_TH2-7_d05_LabA,5,TH2-7,LabA,97727,978679
31,org31_TH2-7_d05_LabB,5,TH2-7,LabB,96932,868909
31,org31_TH2-7_d08_LabA,8,TH2-7,LabA,96920,970598
31,org31_TH2-7_d08_LabB,8,TH2-7,LabB,106348,953315
31,org31_TH2-7_d10_LabA,10,TH2-7,LabA,90027,901568
31,org31_TH2-7_d10_LabB,10,TH2-7,LabB,99548,892359
31,org31_TH2-7_d12_LabA_after_embedding,12,TH2-7,LabA,64938,650316
31,org31_TH2-7_d12_LabA_before_embedding,12,TH2-7,LabA,111447,1116077
31,org31_TH2-7_d12_LabB_after_embedding,12,TH2-7,LabB,67815,607901
31,org31_TH2-7_d12_LabB_before_embedding,12,TH2-7,LabB,115011,1030971
31,org31_TH2-7_d16_LabA,16,TH2-7,LabA,147429,1476416
31,org31_TH2-7_d16_LabB,16,TH2-7,LabB,153500,1375991
31,org31_TH2-7_d19_LabA,19,TH2-7,LabA,203919,2042131
31,org31_TH2-7_d19_LabB,19,TH2-7,LabB,193231,1732143
31,org31_TH2-7_d22_LabA,22,TH2-7,LabA,255313,2556812
31,org31_TH2-7_d22_LabB,22,TH2-7,LabB,272990,2447112
31,org31_TH2-7_d25_LabA,25,TH2-7,LabA,349300,3498037
31,org31_TH2-7_d25_LabB,25,TH2-7,LabB,335616,3008498
31,org31_TH2-7_d30_LabA,30,TH2-7,LabA,463537,4642055
31,org31_TH2-7_d30_LabB,30,TH2-7,LabB,487937,4373920
32,org32_TH2-7_d02_LabA,2,TH2-7,LabA,33600,336485
32,org32_TH2-7_d02_LabB,2,TH2-7,LabB,35892,321740
32,org32_TH2-7_d05_LabA,5,TH2-7,LabA,104451,1046016
32,org32_TH2-7_d05_LabB,5,TH2-7,LabB,105858,948923
32,org32_TH2-7_d08_LabA,8,TH2-7,LabA,106053,1062059
32,org32_TH2-7_d08_LabB,8,TH2-7,LabB,116302,1042544
32,org32_TH2-7_d10_LabA,10,TH2-7,LabA,98889,990316
32,org32_TH2-7_d10_LabB,10,TH2-7,LabB,112159,1005405
32,org32_TH2-7_d12_LabA_after_embedding,12,TH2-7,LabA,70837,709392
32,org32_TH2-7_d12_LabA_before_embedding,12,TH2-7,LabA,120067,1202401
32,org32_TH2-7_d12_LabB_after_embedding,12,TH2-7,LabB,74095,664196
32,org32_TH2-7_d12_LabB_before_embedding,12,TH2-7,LabB,122615,1099134
32,org32_TH2-7_d16_LabA,16,TH2-7,LabA,154390,1546126
32,org32_TH2-7_d16_LabB,16,TH2-7,LabB,163044,1461544
32,org32_TH2-7_d19_LabA,19,TH2-7,LabA,209325,2096269
32,org32_TH2-7_d19_LabB,19,TH2-7,LabB,224969,2016646
32,org32_TH2-7_d22_LabA,22,TH2-7,LabA,264804,2651859
32,org32_TH2-7_d22_LabB,22,TH2-7,LabB,289419,2594383
32,org32_TH2-7_d25_LabA,25,TH2-7,LabA,350245,3507501
32,org32_TH2-7_d25_LabB,25,TH2-7,LabB,367335,3292831
32,org32_TH2-7_d30_LabA,30,TH2-7,LabA,500033,5007541
32,org32_TH2-7_d30_LabB,30,TH2-7,LabB,512973,4598345
33,org33_A1A-1_d02_LabA,2,A1A-1,LabA,43544,436068
33,org33_A1A-1_d02_LabB,2,A1A-1,LabB,46502,416849
33,org33_A1A-1_d05_LabA,5,A1A-1,LabA,123265,1234428
33,org33_A1A-1_d05_LabB,5,A1A-1,LabB,130138,1166571
33,org33_A1A-1_d08_LabA,8,A1A-1,LabA,100307,1004517
33,org33_A1A-1_d08_LabB,8,A1A-1,LabB,103268,925705
33,org33_A1A-1_d10_LabA,10,A1A-1,LabA,110802,1109618
33,org33_A1A-1_d10_LabB,10,A1A-1,LabB,125360,1123741
33,org33_A1A-1_d12_LabA_after_embedding,12,A1A-1,LabA,77623,777349
33,org33_A1A-1_d12_LabA_before_embedding,12,A1A-1,LabA,141649,1418533
33,org33_A1A-1_d12_LabB_after_embedding,12,A1A-1,LabB,83187,745697
33,org33_A1A-1_d12_LabB_before_embedding,12,A1A-1,LabB,157736,1413962
33,org33_A1A-1_d16_LabA,16,A1A-1,LabA,110460,1106193
33,org33_A1A-1_d16_LabB,16,A1A-1,LabB,115290,1033472
33,org33_A1A-1_d19_LabA,19,A1A-1,LabA,132856,1330476
33,org33_A1A-1_d19_LabB,19,A1A-1,LabB,137590,1233372
33,org33_A1A-1_d22_LabA,22,A1A-1,LabA,175141,1753936
33,org33_A1A-1_d22_LabB,22,A1A-1,LabB,188605,1690676
33,org33_A1A-1_d25_LabA,25,A1A-1,LabA,234507,2348452
33,org33_A1A-1_d25_LabB,25,A1A-1,LabB,218398,1957743
33,org33_A1A-1_d30_LabA,30,A1A-1,LabA,311940,3123898
33,org33_A1A-1_d30_LabB,30,A1A-1,LabB,324387,2907840
34,org34_A1A-1_d02_LabA,2,A1A-1,LabA,46646,467133
34,org34_A1A-1_d02_LabB,2,A1A-1,LabB,45675,409436
34,org34_A1A-1_d05_LabA,5,A1A-1,LabA,119791,1199637
34,org34_A1A-1_d05_LabB,5,A1A-1,LabB,124856,1119223
34,org34_A1A-1_d08_LabA,8,A1A-1,LabA,100956,1011016
34,org34_A1A-1_d08_LabB,8,A1A-1,LabB,108634,973807
34,org34_A1A-1_d10_LabA,10,A1A-1,LabA,108449,1086054
34,org34_A1A-1_d10_LabB,10,A1A-1,LabB,110392,989566
34,org34_A1A-1_d12_LabA_after_embedding,12,A1A-1,LabA,78127,782397
34,org34_A1A-1_d12_LabA_before_embedding,12,A1A-1,LabA,124732,1249119
34,org34_A1A-1_d12_LabB_after_embedding,12,A1A-1,LabB,81047,726514
34,org34_A1A-1_d12_LabB_before_embedding,12,A1A-1,LabB,127322,1141328
34,org34_A1A-1_d16_LabA,16,A1A-1,LabA,96458,965971
34,org34_A1A-1_d16_LabB,16,A1A-1,LabB,101862,913102
34,org34_A1A-1_d19_LabA,19,A1A-1,LabA,105162,1053137
34,org34_A1A-1_d19_LabB,19,A1A-1,LabB,108655,973995
34,org34_A1A-1_d22_LabA,22,A1A-1,LabA,135170,1353649
34,org34_A1A-1_d22_LabB,22,A1A-1,LabB,145206,1301642
34,org34_A1A-1_d25_LabA,25,A1A-1,LabA,167678,1679198
34,org34_A1A-1_d25_LabB,25,A1A-1,LabB,176231,1579754
34,org34_A1A-1_d30_LabA,30,A1A-1,LabA,235399,2357385
34,org34_A1A-1_d30_LabB,30,A1A-1,LabB,226613,2031383
35,org35_A1A-1_d02_LabA,2,A1A-1,LabA,43488,435507
35,org35_A1A-1_d02_LabB,2,A1A-1,LabB,48564,435333
35,org35_A1A-1_d05_LabA,5,A1A-1,LabA,140686,1408889
35,org35_A1A-1_d05_LabB,5,A1A-1,LabB,145111,1300791
35,org35_A1A-1_d08_LabA,8,A1A-1,LabA,111354,1115146
35,org35_A1A-1_d08_LabB,8,A1A-1,LabB,114115,1022939
35,org35_A1A-1_d10_LabA,10,A1A-1,LabA,118136,1183064
35,org35_A1A-1_d10_LabB,10,A1A-1,LabB,132109,1184239
35,org35_A1A-1_d12_LabA_after_embedding,12,A1A-1,LabA,82387,825058
35,org35_A1A-1_d12_LabA_before_embedding,12,A1A-1,LabA,153832,1540538
35,org35_A1A-1_d12_LabB_after_embedding,12,A1A-1,LabB,84928,761304
35,org35_A1A-1_d12_LabB_before_embedding,12,A1A-1,LabB,164437,1474031
35,org35_A1A-1_d16_LabA,16,A1A-1,LabA,114142,1143066
35,org35_A1A-1_d16_LabB,16,A1A-1,LabB,118088,1058554
35,org35_A1A-1_d19_LabA,19,A1A-1,LabA,140989,1411923
35,org35_A1A-1_d19_LabB,19,A1A-1,LabB,141534,1268726
35,org35_A1A-1_d22_LabA,22,A1A-1,LabA,195022,1953032
35,org35_A1A-1_d22_LabB,22,A1A-1,LabB,207133,1856763
35,org35_A1A-1_d25_LabA,25,A1A-1,LabA,237438,2377804
35,org35_A1A-1_d25_LabB,25,A1A-1,LabB,246971,2213875
35,org35_A1A-1_d30_LabA,30,A1A-1,LabA,349492,3499960
35,org35_A1A-1_d30_LabB,30,A1A-1,LabB,348247,3121724
36,org36_A1A-1_d02_LabA,2,A1A-1,LabA,48783,488533
36,org36_A1A-1_d02_LabB,2,A1A-1,LabB,48907,438408
36,org36_A1A-1_d05_LabA,5,A1A-1,LabA,119188,1193599
36,org36_A1A-1_d05_LabB,5,A1A-1,LabB,123344,1105669
36,org36_A1A-1_d08_LabA,8,A1A-1,LabA,94562,946984
36,org36_A1A-1_d08_LabB,8,A1A-1,LabB,98057,878994
36,org36_A1A-1_d10_LabA,10,A1A-1,LabA,108426,1085824
36,org36_A1A-1_d10_LabB,10,A1A-1,LabB,118108,1058733
36,org36_A1A-1_d12_LabA_after_embedding,12,A1A-1,LabA,80444,805600
36,org36_A1A-1_d12_LabA_before_embedding,12,A1A-1,LabA,126913,1270960
36,org36_A1A-1_d12_LabB_after_embedding,12,A1A-1,LabB,84299,755665
36,org36_A1A-1_d12_LabB_before_embedding,12,A1A-1,LabB,136869,1226908
36,org36_A1A-1_d16_LabA,16,A1A-1,LabA,101685,1018316
36,org36_A1A-1_d16_LabB,16,A1A-1,LabB,105876,949084
36,org36_A1A-1_d19_LabA,19,A1A-1,LabA,124817,1249970
36,org36_A1A-1_d19_LabB,19,A1A-1,LabB,128606,1152838
36,org36_A1A-1_d22_LabA,22,A1A-1,LabA,171037,1712836
36,org36_A1A-1_d22_LabB,22,A1A-1,LabB,181796,1629639
36,org36_A1A-1_d25_LabA,25,A1A-1,LabA,203894,2041880
36,org36_A1A-1_d25_LabB,25,A1A-1,LabB,213679,1915442
36,org36_A1A-1_d30_LabA,30,A1A-1,LabA,337244,3377303
36,org36_A1A-1_d30_LabB,30,A1A-1,LabB,340107,3048756
37,org37_A1A-1_d02_LabA,2,A1A-1,LabA,46441,465080
37,org37_A1A-1_d02_LabB,2,A1A-1,LabB,44414,398132
37,org37_A1A-1_d05_LabA,5,A1A-1,LabA,119465,1196373
37,org37_A1A-1_d05_LabB,5,A1A-1,LabB,123781,1109586
37,org37_A1A-1_d08_LabA,8,A1A-1,LabA,100691,1008362
37,org37_A1A-1_d08_LabB,8,A1A-1,LabB,106203,952015
37,org37_A1A-1_d10_LabA,10,A1A-1,LabA,114735,1149005
37,org37_A1A-1_d10_LabB,10,A1A-1,LabB,115263,1033230
37,org37_A1A-1_d12_LabA_after_embedding,12,A1A-1,LabA,81377,814944
37,org37_A1A-1_d12_LabA_before_embedding,12,A1A-1,LabA,131033,1312220
37,org37_A1A-1_d12_LabB_after_embedding,12,A1A-1,LabB,84022,753182
37,org37_A1A-1_d12_LabB_before_embedding,12,A1A-1,LabB,140302,1257682
37,org37_A1A-1_d16_LabA,16,A1A-1,LabA,102614,1027620
37,org37_A1A-1_d16_LabB,16,A1A-1,LabB,110886,993994
37,org37_A1A-1_d19_LabA,19,A1A-1,LabA,123565,1237432
37,org37_A1A-1_d19_LabB,19,A1A-1,LabB,124606,1116982
37,org37_A1A-1_d22_LabA,22,A1A-1,LabA,155968,1561929
37,org37_A1A-1_d22_LabB,22,A1A-1,LabB,167152,1498369
37,org37_A1A-1_d25_LabA,25,A1A-1,LabA,202959,2032517
37,org37_A1A-1_d25_LabB,25,A1A-1,LabB,207782,1862580
37,org37_A1A-1_d30_LabA,30,A1A-1,LabA,326773,3272442
37,org37_A1A-1_d30_LabB,30,A1A-1,LabB,288984,2590484
38,org38_A1A-1_d02_LabA,2,A1A-1,LabA,37827,378815
38,org38_A1A-1_d02_LabB,2,A1A-1,LabB,41696,373767
38,org38_A1A-1_d05_LabA,5,A1A-1,LabA,132186,1323766
38,org38_A1A-1_d05_LabB,5,A1A-1,LabB,142239,1275046
38,org38_A1A-1_d08_LabA,8,A1A-1,LabA,116657,1168252
38,org38_A1A-1_d08_LabB,8,A1A-1,LabB,115441,1034826
38,org38_A1A-1_d10_LabA,10,A1A-1,LabA,130484,1306722
38,org38_A1A-1_d10_LabB,10,A1A-1,LabB,136000,1219119
38,org38_A1A-1_d12_LabA_after_embedding,12,A1A-1,LabA,77504,776158
38,org38_A1A-1_d12_LabA_before_embedding,12,A1A-1,LabA,144635,1448436
38,org38_A1A-1_d12_LabB_after_embedding,12,A1A-1,LabB,77261,692576
38,org38_A1A-1_d12_LabB_before_embedding,12,A1A-1,LabB,155298,1392108
38,org38_A1A-1_d16_LabA,16,A1A-1,LabA,112171,1123328
38,org38_A1A-1_d16_LabB,16,A1A-1,LabB,119183,1068369
38,org38_A1A-1_d19_LabA,19,A1A-1,LabA,132751,1329424
38,org38_A1A-1_d19_LabB,19,A1A-1,LabB,138477,1241323
38,org38_A1A-1_d22_LabA,22,A1A-1,LabA,172612,1728609
38,org38_A1A-1_d22_LabB,22,A1A-1,LabB,184850,1657015
38,org38_A1A-1_d25_LabA,25,A1A-1,LabA,217453,2177666
38,org38_A1A-1_d25_LabB,25,A1A-1,LabB,225471,2021146
38,org38_A1A-1_d30_LabA,30,A1A-1,LabA,305857,3062981
38,org38_A1A-1_d30_LabB,30,A1A-1,LabB,305362,2737298
39,org39_A1A-1_d02_LabA,2,A1A-1,LabA,46023,460894
39,org39_A1A-1_d02_LabB,2,A1A-1,LabB,44213,396330
39,org39_A1A-1_d05_LabA,5,A1A-1,LabA,127406,1275897
39,org39_A1A-1_d05_LabB,5,A1A-1,LabB,137915,1236285
39,org39_A1A-1_d08_LabA,8,A1A-1,LabA,105629,1057813
39,org39_A1A-1_d08_LabB,8,A1A-1,LabB,111187,996692
39,org39_A1A-1_d10_LabA,10,A1A-1,LabA,122112,1222881
39,org39_A1A-1_d10_LabB,10,A1A-1,LabB,134427,1205018
39,org39_A1A-1_d12_LabA_after_embedding,12,A1A-1,LabA,80005,801204
39,org39_A1A-1_d12_LabA_before_embedding,12,A1A-1,LabA,147196,1474083
39,org39_A1A-1_d12_LabB_after_embedding,12,A1A-1,LabB,83189,745715
39,org39_A1A-1_d12_LabB_before_embedding,12,A1A-1,LabB,157690,1413550
39,org39_A1A-1_d16_LabA,16,A1A-1,LabA,108806,1089629
39,org39_A1A-1_d16_LabB,16,A1A-1,LabB,114135,1023118
39,org39_A1A-1_d19_LabA,19,A1A-1,LabA,128549,1287344
39,org39_A1A-1_d19_LabB,19,A1A-1,LabB,135452,1214206
39,org39_A1A-1_d22_LabA,22,A1A-1,LabA,172955,1732044
39,org39_A1A-1_d22_LabB,22,A1A-1,LabB,185506,1662896
39,org39_A1A-1_d25_LabA,25,A1A-1,LabA,215553,2158638
39,org39_A1A-1_d25_LabB,25,A1A-1,LabB,233092,2089462
39,org39_A1A-1_d30_LabA,30,A1A-1,LabA,329478,3299531
39,org39_A1A-1_d30_LabB,30,A1A-1,LabB,337505,3025431
40,org40_A1A-1_d02_LabA,2,A1A-1,LabA,39789,398464
40,org40_A1A-1_d02_LabB,2,A1A-1,LabB,40284,361110
40,org40_A1A-1_d05_LabA,5,A1A-1,LabA,119234,1194059
40,org40_A1A-1_d05_LabB,5,A1A-1,LabB,130444,1169314
40,org40_A1A-1_d08_LabA,8,A1A-1,LabA,92375,925082
40,org40_A1A-1_d08_LabB,8,A1A-1,LabB,96865,868308
40,org40_A1A-1_d10_LabA,10,A1A-1,LabA,109690,1098482
40,org40_A1A-1_d10_LabB,10,A1A-1,LabB,113469,1017148
40,org40_A1A-1_d12_LabA_after_embedding,12,A1A-1,LabA,72755,728599
40,org40_A1A-1_d12_LabA_before_embedding,12,A1A-1,LabA,130613,1308014
40,org40_A1A-1_d12_LabB_after_embedding,12,A1A-1,LabB,78129,700357
40,org40_A1A-1_d12_LabB_before_embedding,12,A1A-1,LabB,141653,1269793
40,org40_A1A-1_d16_LabA,16,A1A-1,LabA,101072,1012178
40,org40_A1A-1_d16_LabB,16,A1A-1,LabB,104866,940030
40,org40_A1A-1_d19_LabA,19,A1A-1,LabA,127075,1272583
40,org40_A1A-1_d19_LabB,19,A1A-1,LabB,126231,1131548
40,org40_A1A-1_d22_LabA,22,A1A-1,LabA,162218,1624519
40,org40_A1A-1_d22_LabB,22,A1A-1,LabB,172067,1542427
40,org40_A1A-1_d25_LabA,25,A1A-1,LabA,205968,2062650
40,org40_A1A-1_d25_LabB,25,A1A-1,LabB,222961,1998646
40,org40_A1A-1_d30_LabA,30,A1A-1,LabA,301667,3021020
40,org40_A1A-1_d30_LabB,30,A1A-1,LabB,321192,2879200
41,org41_A1A-1_d02_LabA,2,A1A-1,LabA,43476,435387
41,org41_A1A-1_d02_LabB,2,A1A-1,LabB,44295,397065
41,org41_A1A-1_d05_LabA,5,A1A-1,LabA,116850,1170185
41,org41_A1A-1_d05_LabB,5,A1A-1,LabB,120897,1083734
41,org41_A1A-1_d08_LabA,8,A1A-1,LabA,95496,956337
41,org41_A1A-1_d08_LabB,8,A1A-1,LabB,97269,871930
41,org41_A1A-1_d10_LabA,10,A1A-1,LabA,111816,1119772
41,org41_A1A-1_d10_LabB,10,A1A-1,LabB,122609,1099080
41,org41_A1A-1_d12_LabA_after_embedding,12,A1A-1,LabA,73219,733246
41,org41_A1A-1_d12_LabA_before_embedding,12,A1A-1,LabA,122530,1227067
41,org41_A1A-1_d12_LabB_after_embedding,12,A1A-1,LabB,76494,685700
41,org41_A1A-1_d12_LabB_before_embedding,12,A1A-1,LabB,137989,1236948
41,org41_A1A-1_d16_LabA,16,A1A-1,LabA,111633,1117940
41,org41_A1A-1_d16_LabB,16,A1A-1,LabB,115607,1036314
41,org41_A1A-1_d19_LabA,19,A1A-1,LabA,130941,1311298
41,org41_A1A-1_d19_LabB,19,A1A-1,LabB,130195,1167082
41,org41_A1A-1_d22_LabA,22,A1A-1,LabA,174793,1750451
41,org41_A1A-1_d22_LabB,22,A1A-1,LabB,192113,1722122
41,org41_A1A-1_d25_LabA,25,A1A-1,LabA,231135,2314683
41,org41_A1A-1_d25_LabB,25,A1A-1,LabB,231096,2071569
41,org41_A1A-1_d30_LabA,30,A1A-1,LabA,365781,3663085
41,org41_A1A-1_d30_LabB,30,A1A-1,LabB,378641,3394179
42,org42_A1A-1_d02_LabA,2,A1A-1,LabA,43234,432963
42,org42_A1A-1_d02_LabB,2,A1A-1,LabB,44792,401520
42,org42_A1A-1_d05_LabA,5,A1A-1,LabA,129587,1297739
42,org42_A1A-1_d05_LabB,5,A1A-1,LabB,133538,1197049
42,org42_A1A-1_d08_LabA,8,A1A-1,LabA,99723,998668
42,org42_A1A-1_d08_LabB,8,A1A-1,LabB,109267,979481
42,org42_A1A-1_d10_LabA,10,A1A-1,LabA,118936,1191075
42,org42_A1A-1_d10_LabB,10,A1A-1,LabB,120593,1081009
42,org42_A1A-1_d12_LabA_after_embedding,12,A1A-1,LabA,82830,829494
42,org42_A1A-1_d12_LabA_before_embedding,12,A1A-1,LabA,138947,1391474
42,org42_A1A-1_d12_LabB_after_embedding,12,A1A-1,LabB,87396,783427
42,org42_A1A-1_d12_LabB_before_embedding,12,A1A-1,LabB,148187,1328364
42,org42_A1A-1_d16_LabA,16,A1A-1,LabA,109214,1093715
42,org42_A1A-1_d16_LabB,16,A1A-1,LabB,118443,1061736
42,org42_A1A-1_d19_LabA,19,A1A-1,LabA,131739,1319290
42,org42_A1A-1_d19_LabB,19,A1A-1,LabB,139856,1253684
42,org42_A1A-1_d22_LabA,22,A1A-1,LabA,188469,1887408
42,org42_A1A-1_d22_LabB,22,A1A-1,LabB,195857,1755683
42,org42_A1A-1_d25_LabA,25,A1A-1,LabA,255676,2560447
42,org42_A1A-1_d25_LabB,25,A1A-1,LabB,272603,2443643
42,org42_A1A-1_d30_LabA,30,A1A-1,LabA,376162,3767045
42,org42_A1A-1_d30_LabB,30,A1A-1,LabB,342507,3070270
43,org43_A1A-1_d02_LabA,2,A1A-1,LabA,43018,430800
43,org43_A1A-1_d02_LabB,2,A1A-1,LabB,39900,357668
43,org43_A1A-1_d05_LabA,5,A1A-1,LabA,110368,1105272
43,org43_A1A-1_d05_LabB,5,A1A-1,LabB,118273,1060212
43,org43_A1A-1_d08_LabA,8,A1A-1,LabA,97049,971890
43,org43_A1A-1_d08_LabB,8,A1A-1,LabB,97652,875363
43,org43_A1A-1_d10_LabA,10,A1A-1,LabA,103308,1034570
43,org43_A1A-1_d10_LabB,10,A1A-1,LabB,105679,947318
43,org43_A1A-1_d12_LabA_after_embedding,12,A1A-1,LabA,81491,816085
43,org43_A1A-1_d12_LabA_before_embedding,12,A1A-1,LabA,119974,1201470
43,org43_A1A-1_d12_LabB_after_embedding,12,A1A-1,LabB,84447,756992
43,org43_A1A-1_d12_LabB_before_embedding,12,A1A-1,LabB,130595,1170668
43,org43_A1A-1_d16_LabA,16,A1A-1,LabA,100858,1010034
43,org43_A1A-1_d16_LabB,16,A1A-1,LabB,115088,1031661
43,org43_A1A-1_d19_LabA,19,A1A-1,LabA,128681,1288666
43,org43_A1A-1_d19_LabB,19,A1A-1,LabB,129759,1163174
43,org43_A1A-1_d22_LabA,22,A1A-1,LabA,171624,1718715
43,org43_A1A-1_d22_LabB,22,A1A-1,LabB,186376,1670695
43,org43_A1A-1_d25_LabA,25,A1A-1,LabA,227166,2274936
43,org43_A1A-1_d25_LabB,25,A1A-1,LabB,240073,2152040
43,org43_A1A-1_d30_LabA,30,A1A-1,LabA,349557,3500611
43,org43_A1A-1_d30_LabB,30,A1A-1,LabB,368018,3298953
44,org44_A1A-1_d02_LabA,2,A1A-1,LabA,38945,390012
44,org44_A1A-1_d02_LabB,2,A1A-1,LabB,42928,384811
44,org44_A1A-1_d05_LabA,5,A1A-1,LabA,127218,1274015
44,org44_A1A-1_d05_LabB,5,A1A-1,LabB,133738,1198842
44,org44_A1A-1_d08_LabA,8,A1A-1,LabA,91470,916019
44,org44_A1A-1_d08_LabB,8,A1A-1,LabB,99411,891131
44,org44_A1A-1_d10_LabA,10,A1A-1,LabA,115084,1152500
44,org44_A1A-1_d10_LabB,10,A1A-1,LabB,120760,1082506
44,org44_A1A-1_d12_LabA_after_embedding,12,A1A-1,LabA,78552,786653
44,org44_A1A-1_d12_LabA_before_embedding,12,A1A-1,LabA,142542,1427476
44,org44_A1A-1_d12_LabB_after_embedding,12,A1A-1,LabB,81452,730145
44,org44_A1A-1_d12_LabB_before_embedding,12,A1A-1,LabB,159659,1431200
44,org44_A1A-1_d16_LabA,16,A1A-1,LabA,109929,1100875
44,org44_A1A-1_d16_LabB,16,A1A-1,LabB,115338,1033902
44,org44_A1A-1_d19_LabA,19,A1A-1,LabA,127932,1281165
44,org44_A1A-1_d19_LabB,19,A1A-1,LabB,135687,1216313
44,org44_A1A-1_d22_LabA,22,A1A-1,LabA,168950,1691936
44,org44_A1A-1_d22_LabB,22,A1A-1,LabB,178890,1603589
44,org44_A1A-1_d25_LabA,25,A1A-1,LabA,211782,2120874
44,org44_A1A-1_d25_LabB,25,A1A-1,LabB,218291,1956784
44,org44_A1A-1_d30_LabA,30,A1A-1,LabA,322579,3230442
44,org44_A1A-1_d30_LabB,30,A1A-1,LabB,308004,2760981
45,org45_A1A-1_d02_LabA,2,A1A-1,LabA,43049,431111
45,org45_A1A-1_d02_LabB,2,A1A-1,LabB,44326,397343
45,org45_A1A-1_d05_LabA,5,A1A-1,LabA,105600,1057523
45,org45_A1A-1_d05_LabB,5,A1A-1,LabB,112343,1007055
45,org45_A1A-1_d08_LabA,8,A1A-1,LabA,93903,940384
45,org45_A1A-1_d08_LabB,8,A1A-1,LabB,98159,879908
45,org45_A1A-1_d10_LabA,10,A1A-1,LabA,108677,1088337
45,org45_A1A-1_d10_LabB,10,A1A-1,LabB,111521,999686
45,org45_A1A-1_d12_LabA_after_embedding,12,A1A-1,LabA,79649,797639
45,org45_A1A-1_d12_LabA_before_embedding,12,A1A-1,LabA,134442,1346359
45,org45_A1A-1_d12_LabB_after_embedding,12,A1A-1,LabB,83365,747293
45,org45_A1A-1_d12_LabB_before_embedding,12,A1A-1,LabB,151397,1357139
45,org45_A1A-1_d16_LabA,16,A1A-1,LabA,113100,1132631
45,org45_A1A-1_d16_LabB,16,A1A-1,LabB,121835,1092142
45,org45_A1A-1_d19_LabA,19,A1A-1,LabA,139836,1400377
45,org45_A1A-1_d19_LabB,19,A1A-1,LabB,138139,1238293
45,org45_A1A-1_d22_LabA,22,A1A-1,LabA,172711,1729601
45,org45_A1A-1_d22_LabB,22,A1A-1,LabB,184841,1656935
45,org45_A1A-1_d25_LabA,25,A1A-1,LabA,212033,2123388
45,org45_A1A-1_d25_LabB,25,A1A-1,LabB,226924,2034171
45,org45_A1A-1_d30_LabA,30,A1A-1,LabA,343736,3442317
45,org45_A1A-1_d30_LabB,30,A1A-1,LabB,337629,3026543
46,org46_A1A-1_d02_LabA,2,A1A-1,LabA,46878,469456
46,org46_A1A-1_d02_LabB,2,A1A-1,LabB,44945,402892
46,org46_A1A-1_d05_LabA,5,A1A-1,LabA,134836,1350304
46,org46_A1A-1_d05_LabB,5,A1A-1,LabB,142758,1279698
46,org46_A1A-1_d08_LabA,8,A1A-1,LabA,112421,1125831
46,org46_A1A-1_d08_LabB,8,A1A-1,LabB,115647,1036672
46,org46_A1A-1_d10_LabA,10,A1A-1,LabA,124134,1243130
46,org46_A1A-1_d10_LabB,10,A1A-1,LabB,129638,1162089
46,org46_A1A-1_d12_LabA_after_embedding,12,A1A-1,LabA,76230,763399
46,org46_A1A-1_d12_LabA_before_embedding,12,A1A-1,LabA,142170,1423750
46,org46_A1A-1_d12_LabB_after_embedding,12,A1A-1,LabB,79410,711840
46,org46_A1A-1_d12_LabB_before_embedding,12,A1A-1,LabB,159089,1426091
46,org46_A1A-1_d16_LabA,16,A1A-1,LabA,120847,1210213
46,org46_A1A-1_d16_LabB,16,A1A-1,LabB,123201,1104387
46,org46_A1A-1_d19_LabA,19,A1A-1,LabA,142992,1431982
46,org46_A1A-1_d19_LabB,19,A1A-1,LabB,144219,1292795
46,org46_A1A-1_d22_LabA,22,A1A-1,LabA,190486,1907607
46,org46_A1A-1_d22_LabB,22,A1A-1,LabB,192205,1722946
46,org46_A1A-1_d25_LabA,25,A1A-1,LabA,236617,2369582
46,org46_A1A-1_d25_LabB,25,A1A-1,LabB,249430,2235917
46,org46_A1A-1_d30_LabA,30,A1A-1,LabA,355625,3561378
46,org46_A1A-1_d30_LabB,30,A1A-1,LabB,349037,3128805
47,org47_A1A-1_d02_LabA,2,A1A-1,LabA,45052,451170
47,org47_A1A-1_d02_LabB,2,A1A-1,LabB,46180,413962
47,org47_A1A-1_d05_LabA,5,A1A-1,LabA,130262,1304498
47,org47_A1A-1_d05_LabB,5,A1A-1,LabB,136075,1219791
47,org47_A1A-1_d08_LabA,8,A1A-1,LabA,110967,1111270
47,org47_A1A-1_d08_LabB,8,A1A-1,LabB,115294,1033508
47,org47_A1A-1_d10_LabA,10,A1A-1,LabA,124853,1250330
47,org47_A1A-1_d10_LabB,10,A1A-1,LabB,136592,1224425
47,org47_A1A-1_d12_LabA_after_embedding,12,A1A-1,LabA,77315,774265
47,org47_A1A-1_d12_LabA_before_embedding,12,A1A-1,LabA,153144,1533648
47,org47_A1A-1_d12_LabB_after_embedding,12,A1A-1,LabB,83402,747625
47,org47_A1A-1_d12_LabB_before_embedding,12,A1A-1,LabB,183540,1645272
47,org47_A1A-1_d16_LabA,16,A1A-1,LabA,124172,1243511
47,org47_A1A-1_d16_LabB,16,A1A-1,LabB,130251,1167584
47,org47_A1A-1_d19_LabA,19,A1A-1,LabA,142623,1428287
47,org47_A1A-1_d19_LabB,19,A1A-1,LabB,150000,1344616
47,org47_A1A-1_d22_LabA,22,A1A-1,LabA,199241,1995283
47,org47_A1A-1_d22_LabB,22,A1A-1,LabB,212130,1901556
47,org47_A1A-1_d25_LabA,25,A1A-1,LabA,263953,2643336
47,org47_A1A-1_d25_LabB,25,A1A-1,LabB,290825,2606987
47,org47_A1A-1_d30_LabA,30,A1A-1,LabA,406510,4070962
47,org47_A1A-1_d30_LabB,30,A1A-1,LabB,388984,3486894
48,org48_A1A-1_d02_LabA,2,A1A-1,LabA,47453,475214
48,org48_A1A-1_d02_LabB,2,A1A-1,LabB,51166,458658
48,org48_A1A-1_d05_LabA,5,A1A-1,LabA,127055,1272382
48,org48_A1A-1_d05_LabB,5,A1A-1,LabB,131734,1180878
48,org48_A1A-1_d08_LabA,8,A1A-1,LabA,100771,1009163
48,org48_A1A-1_d08_LabB,8,A1A-1,LabB,105052,941697
48,org48_A1A-1_d10_LabA,10,A1A-1,LabA,120448,1206217
48,org48_A1A-1_d10_LabB,10,A1A-1,LabB,130977,1174092
48,org48_A1A-1_d12_LabA_after_embedding,12,A1A-1,LabA,82056,821743
48,org48_A1A-1_d12_LabA_before_embedding,12,A1A-1,LabA,141794,1419985
48,org48_A1A-1_d12_LabB_after_embedding,12,A1A-1,LabB,83276,746495
48,org48_A1A-1_d12_LabB_before_embedding,12,A1A-1,LabB,155692,1395640
48,org48_A1A-1_d16_LabA,16,A1A-1,LabA,112246,1124079
48,org48_A1A-1_d16_LabB,16,A1A-1,LabB,116820,1047187
48,org48_A1A-1_d19_LabA,19,A1A-1,LabA,131369,1315584
48,org48_A1A-1_d19_LabB,19,A1A-1,LabB,133912,1200402
48,org48_A1A-1_d22_LabA,22,A1A-1,LabA,177589,1778451
48,org48_A1A-1_d22_LabB,22,A1A-1,LabB,186237,1669449
48,org48_A1A-1_d25_LabA,25,A1A-1,LabA,207554,2078533
48,org48_A1A-1_d25_LabB,25,A1A-1,LabB,217726,1951719
48,org48_A1A-1_d30_LabA,30,A1A-1,LabA,360411,3609307
48,org48_A1A-1_d30_LabB,30,A1A-1,LabB,363399,3257548
49,org49_B2A-2_d02_LabA,2,B2A-2,LabA,19812,198406
49,org49_B2A-2_d02_LabB,2,B2A-2,LabB,22166,198698
49,org49_B2A-2_d05_LabA,5,B2A-2,LabA,74739,748468
49,org49_B2A-2_d05_LabB,5,B2A-2,LabB,80414,720840
49,org49_B2A-2_d08_LabA,8,B2A-2,LabA,56339,564202
49,org49_B2A-2_d08_LabB,8,B2A-2,LabB,61211,548702
49,org49_B2A-2_d10_LabA,10,B2A-2,LabA,54483,545616
49,org49_B2A-2_d10_LabB,10,B2A-2,LabB,57080,511671
49,org49_B2A-2_d12_LabA_after_embedding,12,B2A-2,LabA,37500,375541
49,org49_B2A-2_d12_LabA_before_embedding,12,B2A-2,LabA,63660,637518
49,org49_B2A-2_d12_LabB_after_embedding,12,B2A-2,LabB,30718,275359
49,org49_B2A-2_d12_LabB_before_embedding,12,B2A-2,LabB,80539,721960
49,org49_B2A-2_d16_LabA,16,B2A-2,LabA,37770,378245
49,org49_B2A-2_d16_LabB,16,B2A-2,LabB,39575,354755
49,org49_B2A-2_d19_LabA,19,B2A-2,LabA,47623,476917
49,org49_B2A-2_d19_LabB,19,B2A-2,LabB,54216,485998
49,org49_B2A-2_d22_LabA,22,B2A-2,LabA,74104,742109
49,org49_B2A-2_d22_LabB,22,B2A-2,LabB,77475,694494
49,org49_B2A-2_d25_LabA,25,B2A-2,LabA,100085,1002293
49,org49_B2A-2_d25_LabB,25,B2A-2,LabB,104284,934813
49,org49_B2A-2_d30_LabA,30,B2A-2,LabA,123413,1235910
49,org49_B2A-2_d30_LabB,30,B2A-2,LabB,127128,1139589
50,org50_B2A-2_d02_LabA,2,B2A-2,LabA,19122,191496
50,org50_B2A-2_d02_LabB,2,B2A-2,LabB,23918,214404
50,org50_B2A-2_d05_LabA,5,B2A-2,LabA,76672,767826
50,org50_B2A-2_d05_LabB,5,B2A-2,LabB,82786,742103
50,org50_B2A-2_d08_LabA,8,B2A-2,LabA,78385,784980
50,org50_B2A-2_d08_LabB,8,B2A-2,LabB,80233,719217
50,org50_B2A-2_d10_LabA,10,B2A-2,LabA,85927,860509
50,org50_B2A-2_d10_LabB,10,B2A-2,LabB,95365,854862
50,org50_B2A-2_d12_LabA_before_embedding,12,B2A-2,LabA,124348,1245273
50,org50_B2A-2_d12_LabB_after_embedding,12,B2A-2,LabB,55429,496872
50,org50_B2A-2_d12_LabB_before_embedding,12,B2A-2,LabB,128949,1155913
50,org50_B2A-2_d16_LabA,16,B2A-2,LabA,75995,761046
50,org50_B2A-2_d16_LabB,16,B2A-2,LabB,73946,662860
50,org50_B2A-2_d19_LabA,19,B2A-2,LabA,98992,991348
50,org50_B2A-2_d19_LabB,19,B2A-2,LabB,100229,898464
50,org50_B2A-2_d22_LabA,22,B2A-2,LabA,139361,1395620
50,org50_B2A-2_d22_LabB,22,B2A-2,LabB,136971,1227823
50,org50_B2A-2_d25_LabA,25,B2A-2,LabA,191592,1918683
50,org50_B2A-2_d25_LabB,25,B2A-2,LabB,196917,1765185
50,org50_B2A-2_d30_LabA,30,B2A-2,LabA,284726,2851366
50,org50_B2A-2_d30_LabB,30,B2A-2,LabB,306668,2749005
51,org51_B2A-2_d02_LabA,2,B2A-2,LabA,22740,227728
51,org51_B2A-2_d02_LabB,2,B2A-2,LabB,26239,235209
51,org51_B2A-2_d05_LabA,5,B2A-2,LabA,78840,789537
51,org51_B2A-2_d05_LabB,5,B2A-2,LabB,86583,776139
51,org51_B2A-2_d08_LabA,8,B2A-2,LabA,75078,751863
51,org51_B2A-2_d08_LabB,8,B2A-2,LabB,79614,713668
51,org51_B2A-2_d10_LabA,10,B2A-2,LabA,77350,774615
51,org51_B2A-2_d10_LabB,10,B2A-2,LabB,81431,729956
51,org51_B2A-2_d12_LabA_after_embedding,12,B2A-2,LabA,44379,444430
51,org51_B2A-2_d12_LabA_before_embedding,12,B2A-2,LabA,77687,777990
51,org51_B2A-2_d12_LabB_after_embedding,12,B2A-2,LabB,46695,418579
51,org51_B2A-2_d12_LabB_before_embedding,12,B2A-2,LabB,90501,811261
51,org51_B2A-2_d16_LabA,16,B2A-2,LabA,75236,753445
51,org51_B2A-2_d16_LabB,16,B2A-2,LabB,78735,705789
51,org51_B2A-2_d19_LabA,19,B2A-2,LabA,99783,999269
51,org51_B2A-2_d19_LabB,19,B2A-2,LabB,107790,966241
51,org51_B2A-2_d22_LabA,22,B2A-2,LabA,143010,1432162
51,org51_B2A-2_d22_LabB,22,B2A-2,LabB,150015,1344751
51,org51_B2A-2_d25_LabA,25,B2A-2,LabA,172458,1727067
51,org51_B2A-2_d25_LabB,25,B2A-2,LabB,175117,1569768
51,org51_B2A-2_d30_LabA,30,B2A-2,LabA,258201,2585733
51,org51_B2A-2_d30_LabB,30,B2A-2,LabB,256704,2301122
52,org52_B2A-2_d02_LabA,2,B2A-2,LabA,21237,212676
52,org52_B2A-2_d02_LabB,2,B2A-2,LabB,20520,183943
52,org52_B2A-2_d05_LabA,5,B2A-2,LabA,78130,782427
52,org52_B2A-2_d05_LabB,5,B2A-2,LabB,82966,743716
52,org52_B2A-2_d08_LabA,8,B2A-2,LabA,76531,766414
52,org52_B2A-2_d08_LabB,8,B2A-2,LabB,81815,733398
52,org52_B2A-2_d10_LabA,10,B2A-2,LabA,74930,750381
52,org52_B2A-2_d10_LabB,10,B2A-2,LabB,78960,707806
52,org52_B2A-2_d12_LabA_after_embedding,12,B2A-2,LabA,50027,500991
52,org52_B2A-2_d12_LabA_before_embedding,12,B2A-2,LabA,86133,862572
52,org52_B2A-2_d12_LabB_after_embedding,12,B2A-2,LabB,53907,483228
52,org52_B2A-2_d12_LabB_before_embedding,12,B2A-2,LabB,89881,805703
52,org52_B2A-2_d16_LabA,16,B2A-2,LabA,66806,669023
52,org52_B2A-2_d16_LabB,16,B2A-2,LabB,69346,621625
52,org52_B2A-2_d19_LabA,19,B2A-2,LabA,99260,994031
52,org52_B2A-2_d19_LabB,19,B2A-2,LabB,101101,906280
52,org52_B2A-2_d22_LabA,22,B2A-2,LabA,154741,1549641
52,org52_B2A-2_d22_LabB,22,B2A-2,LabB,161937,1451621
52,org52_B2A-2_d25_LabA,25,B2A-2,LabA,196751,1970347
52,org52_B2A-2_d25_LabB,25,B2A-2,LabB,208383,1867968
52,org52_B2A-2_d30_LabA,30,B2A-2,LabA,282813,2832208
52,org52_B2A-2_d30_LabB,30,B2A-2,LabB,283609,2542302
53,org53_B2A-2_d02_LabA,2,B2A-2,LabA,19998,200268
53,org53_B2A-2_d02_LabB,2,B2A-2,LabB,22987,206058
53,org53_B2A-2_d05_LabA,5,B2A-2,LabA,80091,802065
53,org53_B2A-2_d05_LabB,5,B2A-2,LabB,85306,764692
53,org53_B2A-2_d08_LabA,8,B2A-2,LabA,81535,816526
53,org53_B2A-2_d08_LabB,8,B2A-2,LabB,86160,772348
53,org53_B2A-2_d10_LabA,10,B2A-2,LabA,90736,908668
53,org53_B2A-2_d10_LabB,10,B2A-2,LabB,96135,861764
53,org53_B2A-2_d12_LabA_after_embedding,12,B2A-2,LabA,46358,464249
53,org53_B2A-2_d12_LabA_before_embedding,12,B2A-2,LabA,91008,911392
53,org53_B2A-2_d12_LabB_after_embedding,12,B2A-2,LabB,50631,453862
53,org53_B2A-2_d12_LabB_before_embedding,12,B2A-2,LabB,127699,1144708
53,org53_B2A-2_d16_LabA,16,B2A-2,LabA,63754,638459
53,org53_B2A-2_d16_LabB,16,B2A-2,LabB,74145,664644
53,org53_B2A-2_d19_LabA,19,B2A-2,LabA,95063,952001
53,org53_B2A-2_d19_LabB,19,B2A-2,LabB,98664,884435
53,org53_B2A-2_d22_LabA,22,B2A-2,LabA,58203,582869
53,org53_B2A-2_d22_LabB,22,B2A-2,LabB,64442,577665
53,org53_B2A-2_d25_LabA,25,B2A-2,LabA,89827,899565
53,org53_B2A-2_d25_LabB,25,B2A-2,LabB,97960,878124
53,org53_B2A-2_d30_LabA,30,B2A-2,LabA,143346,1435527
53,org53_B2A-2_d30_LabB,30,B2A-2,LabB,156738,1405016
54,org54_B2A-2_d02_LabA,2,B2A-2,LabA,22788,228209
54,org54_B2A-2_d02_LabB,2,B2A-2,LabB,20873,187108
54,org54_B2A-2_d05_LabA,5,B2A-2,LabA,88810,889381
54,org54_B2A-2_d05_LabB,5,B2A-2,LabB,95862,859317
54,org54_B2A-2_d08_LabA,8,B2A-2,LabA,77300,774115
54,org54_B2A-2_d08_LabB,8,B2A-2,LabB,80493,721548
54,org54_B2A-2_d10_LabA,10,B2A-2,LabA,88801,889291
54,org54_B2A-2_d10_LabB,10,B2A-2,LabB,99068,888056
54,org54_B2A-2_d12_LabA_after_embedding,12,B2A-2,LabA,43926,439893
54,org54_B2A-2_d12_LabA_before_embedding,12,B2A-2,LabA,130629,1308174
54,org54_B2A-2_d12_LabB_after_embedding,12,B2A-2,LabB,48520,434939
54,org54_B2A-2_d12_LabB_before_embedding,12,B2A-2,LabB,145324,1302700
54,org54_B2A-2_d16_LabA,16,B2A-2,LabA,71529,716322
54,org54_B2A-2_d16_LabB,16,B2A-2,LabB,78477,703476
54,org54_B2A-2_d19_LabA,19,B2A-2,LabA,102264,1024115
54,org54_B2A-2_d19_LabB,19,B2A-2,LabB,100490,900803
54,org54_B2A-2_d22_LabA,22,B2A-2,LabA,174694,1749459
54,org54_B2A-2_d22_LabB,22,B2A-2,LabB,180701,1619823
54,org54_B2A-2_d25_LabA,25,B2A-2,LabA,216067,2163786
54,org54_B2A-2_d25_LabB,25,B2A-2,LabB,242426,2173133
54,org54_B2A-2_d30_LabA,30,B2A-2,LabA,330546,3310227
54,org54_B2A-2_d30_LabB,30,B2A-2,LabB,342747,3072421
55,org55_B2A-2_d02_LabA,2,B2A-2,LabA,20928,209582
55,org55_B2A-2_d02_LabB,2,B2A-2,LabB,21209,190120
55,org55_B2A-2_d05_LabA,5,B2A-2,LabA,82433,825519
55,org55_B2A-2_d05_LabB,5,B2A-2,LabB,93320,836531
55,org55_B2A-2_d08_LabA,8,B2A-2,LabA,65115,652089
55,org55_B2A-2_d08_LabB,8,B2A-2,LabB,72295,648060
55,org55_B2A-2_d10_LabA,10,B2A-2,LabA,74602,747096
55,org55_B2A-2_d10_LabB,10,B2A-2,LabB,80536,721933
55,org55_B2A-2_d12_LabA_after_embedding,12,B2A-2,LabA,30389,304328
55,org55_B2A-2_d12_LabA_before_embedding,12,B2A-2,LabA,53171,532477
55,org55_B2A-2_d12_LabB_after_embedding,12,B2A-2,LabB,32486,291208
55,org55_B2A-2_d12_LabB_before_embedding,12,B2A-2,LabB,69879,626403
55,org55_B2A-2_d16_LabA,16,B2A-2,LabA,44795,448596
55,org55_B2A-2_d16_LabB,16,B2A-2,LabB,46287,414922
55,org55_B2A-2_d19_LabA,19,B2A-2,LabA,66980,670766
55,org55_B2A-2_d19_LabB,19,B2A-2,LabB,71445,640441
55,org55_B2A-2_d22_LabA,22,B2A-2,LabA,92504,926374
55,org55_B2A-2_d22_LabB,22,B2A-2,LabB,98359,881701
55,org55_B2A-2_d25_LabA,25,B2A-2,LabA,101535,1016814
55,org55_B2A-2_d25_LabB,25,B2A-2,LabB,108079,968832
55,org55_B2A-2_d30_LabA,30,B2A-2,LabA,152969,1531896
55,org55_B2A-2_d30_LabB,30,B2A-2,LabB,148252,1328947
56,org56_B2A-2_d02_LabA,2,B2A-2,LabA,19830,198586
56,org56_B2A-2_d02_LabB,2,B2A-2,LabB,23020,206354
56,org56_B2A-2_d05_LabA,5,B2A-2,LabA,80086,802015
56,org56_B2A-2_d05_LabB,5,B2A-2,LabB,83062,744577
56,org56_B2A-2_d08_LabA,8,B2A-2,LabA,73515,736210
56,org56_B2A-2_d08_LabB,8,B2A-2,LabB,78598,704561
56,org56_B2A-2_d10_LabA,10,B2A-2,LabA,78692,788055
56,org56_B2A-2_d10_LabB,10,B2A-2,LabB,84775,759932
56,org56_B2A-2_d12_LabA_after_embedding,12,B2A-2,LabA,45173,452381
56,org56_B2A-2_d12_LabA_before_embedding,12,B2A-2,LabA,79881,799962
56,org56_B2A-2_d12_LabB_after_embedding,12,B2A-2,LabB,47299,423993
56,org56_B2A-2_d12_LabB_before_embedding,12,B2A-2,LabB,87873,787703
56,org56_B2A-2_d16_LabA,16,B2A-2,LabA,65711,658058
56,org56_B2A-2_d16_LabB,16,B2A-2,LabB,68762,616390
56,org56_B2A-2_d19_LabA,19,B2A-2,LabA,110697,1108566
56,org56_B2A-2_d19_LabB,19,B2A-2,LabB,105605,946655
56,org56_B2A-2_d22_LabA,22,B2A-2,LabA,117674,1178437
56,org56_B2A-2_d22_LabB,22,B2A-2,LabB,130373,1168678
56,org56_B2A-2_d25_LabA,25,B2A-2,LabA,156415,1566406
56,org56_B2A-2_d25_LabB,25,B2A-2,LabB,153884,1379433
56,org56_B2A-2_d30_LabA,30,B2A-2,LabA,231567,2319009
56,org56_B2A-2_d30_LabB,30,B2A-2,LabB,249816,2239378
57,org57_B2A-2_d02_LabA,2,B2A-2,LabA,22788,228209
57,org57_B2A-2_d02_LabB,2,B2A-2,LabB,21383,191680
57,org57_B2A-2_d05_LabA,5,B2A-2,LabA,82563,826821
57,org57_B2A-2_d05_LabB,5,B2A-2,LabB,88458,792947
57,org57_B2A-2_d08_LabA,8,B2A-2,LabA,82066,821843
57,org57_B2A-2_d08_LabB,8,B2A-2,LabB,88844,796407
57,org57_B2A-2_d10_LabA,10,B2A-2,LabA,107682,1078373
57,org57_B2A-2_d10_LabB,10,B2A-2,LabB,114566,1026982
57,org57_B2A-2_d12_LabA_after_embedding,12,B2A-2,LabA,46739,468064
57,org57_B2A-2_d12_LabA_before_embedding,12,B2A-2,LabA,130231,1304188
57,org57_B2A-2_d12_LabB_after_embedding,12,B2A-2,LabB,52506,470669
57,org57_B2A-2_d12_LabB_before_embedding,12,B2A-2,LabB,144050,1291280
57,org57_B2A-2_d16_LabA,16,B2A-2,LabA,69932,700328
57,org57_B2A-2_d16_LabB,16,B2A-2,LabB,69701,624807
57,org57_B2A-2_d19_LabA,19,B2A-2,LabA,85916,860399
57,org57_B2A-2_d19_LabB,19,B2A-2,LabB,86803,778111
57,org57_B2A-2_d22_LabA,22,B2A-2,LabA,124857,1250371
57,org57_B2A-2_d22_LabB,22,B2A-2,LabB,127758,1145236
57,org57_B2A-2_d25_LabA,25,B2A-2,LabA,143688,1438952
57,org57_B2A-2_d25_LabB,25,B2A-2,LabB,158277,1418812
57,org57_B2A-2_d30_LabA,30,B2A-2,LabA,223839,2241618
57,org57_B2A-2_d30_LabB,30,B2A-2,LabB,243981,2187072
58,org58_B2A-2_d02_LabA,2,B2A-2,LabA,20180,202091
58,org58_B2A-2_d02_LabB,2,B2A-2,LabB,25218,226057
58,org58_B2A-2_d05_LabA,5,B2A-2,LabA,84288,844095
58,org58_B2A-2_d05_LabB,5,B2A-2,LabB,91900,823801
58,org58_B2A-2_d08_LabA,8,B2A-2,LabA,74524,746315
58,org58_B2A-2_d08_LabB,8,B2A-2,LabB,77488,694611
58,org58_B2A-2_d10_LabA,10,B2A-2,LabA,89012,891404
58,org58_B2A-2_d10_LabB,10,B2A-2,LabB,90153,808141
58,org58_B2A-2_d12_LabA_after_embedding,12,B2A-2,LabA,41518,415779
58,org58_B2A-2_d12_LabA_before_embedding,12,B2A-2,LabA,99519,996625
58,org58_B2A-2_d12_LabB_after_embedding,12,B2A-2,LabB,44308,397182
58,org58_B2A-2_d12_LabB_before_embedding,12,B2A-2,LabB,125963,1129146
58,org58_B2A-2_d16_LabA,16,B2A-2,LabA,59288,593735
58,org58_B2A-2_d16_LabB,16,B2A-2,LabB,61953,555353
58,org58_B2A-2_d19_LabA,19,B2A-2,LabA,72991,730963
58,org58_B2A-2_d19_LabB,19,B2A-2,LabB,75225,674325
58,org58_B2A-2_d22_LabA,22,B2A-2,LabA,112057,1122186
58,org58_B2A-2_d22_LabB,22,B2A-2,LabB,104052,932733
58,org58_B2A-2_d25_LabA,25,B2A-2,LabA,135934,1361300
58,org58_B2A-2_d25_LabB,25,B2A-2,LabB,142759,1279707
58,org58_B2A-2_d30_LabA,30,B2A-2,LabA,155000,1552235
58,org58_B2A-2_d30_LabB,30,B2A-2,LabB,152289,1365135
59,org59_B2A-2_d02_LabA,2,B2A-2,LabA,21626,216572
59,org59_B2A-2_d02_LabB,2,B2A-2,LabB,24418,218886
59,org59_B2A-2_d05_LabA,5,B2A-2,LabA,88124,882511
59,org59_B2A-2_d05_LabB,5,B2A-2,LabB,96093,861388
59,org59_B2A-2_d08_LabA,8,B2A-2,LabA,78194,783068
59,org59_B2A-2_d08_LabB,8,B2A-2,LabB,79548,713077
59,org59_B2A-2_d10_LabA,10,B2A-2,LabA,82502,826210
59,org59_B2A-2_d10_LabB,10,B2A-2,LabB,89600,803184
59,org59_B2A-2_d12_LabA_after_embedding,12,B2A-2,LabA,36373,364255
59,org59_B2A-2_d12_LabA_before_embedding,12,B2A-2,LabA,100466,1006109
59,org59_B2A-2_d12_LabB_after_embedding,12,B2A-2,LabB,39452,353652
59,org59_B2A-2_d12_LabB_before_embedding,12,B2A-2,LabB,115692,1037076
59,org59_B2A-2_d16_LabA,16,B2A-2,LabA,55977,560577
59,org59_B2A-2_d16_LabB,16,B2A-2,LabB,60709,544202
59,org59_B2A-2_d19_LabA,19,B2A-2,LabA,74352,744592
59,org59_B2A-2_d19_LabB,19,B2A-2,LabB,78523,703889
59,org59_B2A-2_d22_LabA,22,B2A-2,LabA,106919,1070732
59,org59_B2A-2_d22_LabB,22,B2A-2,LabB,112707,1010318
59,org59_B2A-2_d25_LabA,25,B2A-2,LabA,176434,1766884
59,org59_B2A-2_d25_LabB,25,B2A-2,LabB,179909,1612724
59,org59_B2A-2_d30_LabA,30,B2A-2,LabA,198548,1988343
59,org59_B2A-2_d30_LabB,30,B2A-2,LabB,199580,1789057
60,org60_B2A-2_d02_LabA,2,B2A-2,LabA,21655,216862
60,org60_B2A-2_d02_LabB,2,B2A-2,LabB,22063,197775
60,org60_B2A-2_d05_LabA,5,B2A-2,LabA,86052,861761
60,org60_B2A-2_d05_LabB,5,B2A-2,LabB,92870,832497
60,org60_B2A-2_d08_LabA,8,B2A-2,LabA,77672,777840
60,org60_B2A-2_d08_LabB,8,B2A-2,LabB,83235,746128
60,org60_B2A-2_d10_LabA,10,B2A-2,LabA,84304,844256
60,org60_B2A-2_d10_LabB,10,B2A-2,LabB,89479,802099
60,org60_B2A-2_d12_LabA_after_embedding,12,B2A-2,LabA,41446,415058
60,org60_B2A-2_d12_LabA_before_embedding,12,B2A-2,LabA,72469,725735
60,org60_B2A-2_d12_LabB_after_embedding,12,B2A-2,LabB,44009,394501
60,org60_B2A-2_d12_LabB_before_embedding,12,B2A-2,LabB,80637,722839
60,org60_B2A-2_d16_LabA,16,B2A-2,LabA,56750,568318
60,org60_B2A-2_d16_LabB,16,B2A-2,LabB,58301,522616
60,org60_B2A-2_d19_LabA,19,B2A-2,LabA,78413,785261
60,org60_B2A-2_d19_LabB,19,B2A-2,LabB,76142,682545
60,org60_B2A-2_d22_LabA,22,B2A-2,LabA,103024,1031726
60,org60_B2A-2_d22_LabB,22,B2A-2,LabB,114713,1028300
60,org60_B2A-2_d25_LabA,25,B2A-2,LabA,151455,1516734
60,org60_B2A-2_d25_LabB,25,B2A-2,LabB,146675,1314810
60,org60_B2A-2_d30_LabA,30,B2A-2,LabA,225148,2254727
60,org60_B2A-2_d30_LabB,30,B2A-2,LabB,229057,2053292
61,org61_B2A-2_d02_LabA,2,B2A-2,LabA,23341,233747
61,org61_B2A-2_d02_LabB,2,B2A-2,LabB,21147,189564
61,org61_B2A-2_d05_LabA,5,B2A-2,LabA,84016,841372
61,org61_B2A-2_d05_LabB,5,B2A-2,LabB,89651,803641
61,org61_B2A-2_d08_LabA,8,B2A-2,LabA,87069,871946
61,org61_B2A-2_d08_LabB,8,B2A-2,LabB,93243,835840
61,org61_B2A-2_d10_LabA,10,B2A-2,LabA,105953,1061058
61,org61_B2A-2_d10_LabB,10,B2A-2,LabB,105752,947972
61,org61_B2A-2_d12_LabA_after_embedding,12,B2A-2,LabA,51773,518477
61,org61_B2A-2_d12_LabA_before_embedding,12,B2A-2,LabA,91001,911322
61,org61_B2A-2_d12_LabB_after_embedding,12,B2A-2,LabB,53887,483049
61,org61_B2A-2_d12_LabB_before_embedding,12,B2A-2,LabB,150886,1352558
61,org61_B2A-2_d16_LabA,16,B2A-2,LabA,78164,782767
61,org61_B2A-2_d16_LabB,16,B2A-2,LabB,77215,692164
61,org61_B2A-2_d19_LabA,19,B2A-2,LabA,98060,982014
61,org61_B2A-2_d19_LabB,19,B2A-2,LabB,105457,945328
61,org61_B2A-2_d22_LabA,22,B2A-2,LabA,161938,1621715
61,org61_B2A-2_d22_LabB,22,B2A-2,LabB,165954,1487630
61,org61_B2A-2_d25_LabA,25,B2A-2,LabA,220506,2208240
61,org61_B2A-2_d25_LabB,25,B2A-2,LabB,243533,2183056
61,org61_B2A-2_d30_LabA,30,B2A-2,LabA,327202,3276739
61,org61_B2A-2_d30_LabB,30,B2A-2,LabB,345265,3094993
62,org62_B2A-2_d02_LabA,2,B2A-2,LabA,21490,215210
62,org62_B2A-2_d02_LabB,2,B2A-2,LabB,23540,211015
62,org62_B2A-2_d05_LabA,5,B2A-2,LabA,83760,838808
62,org62_B2A-2_d05_LabB,5,B2A-2,LabB,87059,780406
62,org62_B2A-2_d08_LabA,8,B2A-2,LabA,76392,765022
62,org62_B2A-2_d08_LabB,8,B2A-2,LabB,79797,715309
62,org62_B2A-2_d10_LabA,10,B2A-2,LabA,80293,804088
62,org62_B2A-2_d10_LabB,10,B2A-2,LabB,79857,715847
62,org62_B2A-2_d12_LabA_after_embedding,12,B2A-2,LabA,42586,426474
62,org62_B2A-2_d12_LabA_before_embedding,12,B2A-2,LabA,113650,1138139
62,org62_B2A-2_d12_LabB_after_embedding,12,B2A-2,LabB,45800,410556
62,org62_B2A-2_d12_LabB_before_embedding,12,B2A-2,LabB,112549,1008901
62,org62_B2A-2_d16_LabA,16,B2A-2,LabA,56463,565444
62,org62_B2A-2_d16_LabB,16,B2A-2,LabB,58785,526955
62,org62_B2A-2_d19_LabA,19,B2A-2,LabA,74981,750891
62,org62_B2A-2_d19_LabB,19,B2A-2,LabB,82106,736007
62,org62_B2A-2_d22_LabA,22,B2A-2,LabA,114993,1151588
62,org62_B2A-2_d22_LabB,22,B2A-2,LabB,122602,1099018
62,org62_B2A-2_d25_LabA,25,B2A-2,LabA,151231,1514491
62,org62_B2A-2_d25_LabB,25,B2A-2,LabB,153631,1377165
62,org62_B2A-2_d30_LabA,30,B2A-2,LabA,224928,2252524
62,org62_B2A-2_d30_LabB,30,B2A-2,LabB,224991,2016844
63,org63_B2A-2_d02_LabA,2,B2A-2,LabA,21162,211925
63,org63_B2A-2_d02_LabB,2,B2A-2,LabB,22938,205619
63,org63_B2A-2_d05_LabA,5,B2A-2,LabA,80112,802275
63,org63_B2A-2_d05_LabB,5,B2A-2,LabB,90818,814102
63,org63_B2A-2_d08_LabA,8,B2A-2,LabA,73963,740697
63,org63_B2A-2_d08_LabB,8,B2A-2,LabB,74521,668014
63,org63_B2A-2_d10_LabA,10,B2A-2,LabA,76018,761276
63,org63_B2A-2_d10_LabB,10,B2A-2,LabB,81592,731399
63,org63_B2A-2_d12_LabA_after_embedding,12,B2A-2,LabA,41480,415398
63,org63_B2A-2_d12_LabA_before_embedding,12,B2A-2,LabA,97966,981073
63,org63_B2A-2_d12_LabB_after_embedding,12,B2A-2,LabB,45439,407320
63,org63_B2A-2_d12_LabB_before_embedding,12,B2A-2,LabB,115578,1036054
63,org63_B2A-2_d16_LabA,16,B2A-2,LabA,62142,622316
63,org63_B2A-2_d16_LabB,16,B2A-2,LabB,65850,590286
63,org63_B2A-2_d19_LabA,19,B2A-2,LabA,78710,788235
63,org63_B2A-2_d19_LabB,19,B2A-2,LabB,79631,713821
63,org63_B2A-2_d22_LabA,22,B2A-2,LabA,145221,1454304
63,org63_B2A-2_d22_LabB,22,B2A-2,LabB,155031,1389715
63,org63_B2A-2_d25_LabA,25,B2A-2,LabA,213501,2138089
63,org63_B2A-2_d25_LabB,25,B2A-2,LabB,173243,1552969
63,org63_B2A-2_d30_LabA,30,B2A-2,LabA,303326,3037634
63,org63_B2A-2_d30_LabB,30,B2A-2,LabB,316833,2840125
64,org64_B2A-2_d02_LabA,2,B2A-2,LabA,24885,249209
64,org64_B2A-2_d02_LabB,2,B2A-2,LabB,27462,246172
64,org64_B2A-2_d05_LabA,5,B2A-2,LabA,93700,938351
64,org64_B2A-2_d05_LabB,5,B2A-2,LabB,96075,861227
64,org64_B2A-2_d08_LabA,8,B2A-2,LabA,80192,803076
64,org64_B2A-2_d08_LabB,8,B2A-2,LabB,85602,767346
64,org64_B2A-2_d10_LabA,10,B2A-2,LabA,92565,926985
64,org64_B2A-2_d10_LabB,10,B2A-2,LabB,95719,858035
64,org64_B2A-2_d12_LabA_after_embedding,12,B2A-2,LabA,49321,493921
64,org64_B2A-2_d12_LabA_before_embedding,12,B2A-2,LabA,141116,1413195
64,org64_B2A-2_d12_LabB_after_embedding,12,B2A-2,LabB,51277,459653
64,org64_B2A-2_d12_LabB_before_embedding,12,B2A-2,LabB,157244,1409552
64,org64_B2A-2_d16_LabA,16,B2A-2,LabA,70667,707689
64,org64_B2A-2_d16_LabB,16,B2A-2,LabB,69942,626968
64,org64_B2A-2_d19_LabA,19,B2A-2,LabA,102592,1027399
64,org64_B2A-2_d19_LabB,19,B2A-2,LabB,106752,956936
64,org64_B2A-2_d22_LabA,22,B2A-2,LabA,171914,1721619
64,org64_B2A-2_d22_LabB,22,B2A-2,LabB,181577,1627676
64,org64_B2A-2_d25_LabA,25,B2A-2,LabA,243210,2435607
64,org64_B2A-2_d25_LabB,25,B2A-2,LabB,214970,1927014
64,org64_B2A-2_d30_LabA,30,B2A-2,LabA,357778,3582939
64,org64_B2A-2_d30_LabB,30,B2A-2,LabB,346590,3106870
